team_id,team_abbr,team_name,season_id,wins,games,pts,reb,ast,stl,blk,tov,fg_pct,fg3_pct,ft_pct,wins_predicted,residual,stat_padding_score
1610612737,ATL,Atlanta Hawks,21997,50,82,95.85365853658537,42.96341463414634,19.134146341463413,7.963414634146342,5.987804878048781,14.804878048780488,0.4554146341463415,0.31490243902439025,0.7565121951219512,42.63282642320196,7.367173576798038,-7.367173576798038
1610612737,ATL,Atlanta Hawks,21998,31,50,86.3,43.5,15.64,6.92,5.2,14.88,0.40844,0.29522,0.73402,21.08800184069656,9.91199815930344,-9.91199815930344
1610612737,ATL,Atlanta Hawks,21999,28,82,94.32926829268293,45.31707317073171,18.878048780487806,6.097560975609756,5.621951219512195,15.439024390243903,0.4424390243902439,0.32508536585365855,0.7452682926829268,35.60188161691618,-7.601881616916181,7.601881616916181
1610612737,ATL,Atlanta Hawks,22000,25,82,90.96341463414635,42.90243902439025,19.01219512195122,7.7317073170731705,4.719512195121951,16.682926829268293,0.4313048780487805,0.35931707317073175,0.765670731707317,33.6738687280346,-8.673868728034599,8.673868728034599
1610612737,ATL,Atlanta Hawks,22001,33,82,94.03658536585365,41.46341463414634,20.195121951219512,8.134146341463415,4.2682926829268295,15.536585365853659,0.4397317073170732,0.35239024390243906,0.7624268292682926,34.2226220192688,-1.2226220192687975,1.2226220192687975
1610612737,ATL,Atlanta Hawks,22002,35,82,94.07317073170732,42.6219512195122,20.475609756097562,7.451219512195122,5.7682926829268295,16.670731707317074,0.44496341463414635,0.35497560975609754,0.7886341463414634,36.27633212469345,-1.2763321246934467,1.2763321246934467
1610612737,ATL,Atlanta Hawks,22003,28,82,92.8170731707317,42.71951219512195,20.097560975609756,7.646341463414634,4.975609756097561,16.353658536585368,0.4337560975609756,0.3200121951219512,0.7719756097560976,27.009442765831594,0.9905572341684064,-0.9905572341684064
1610612737,ATL,Atlanta Hawks,22004,13,82,92.7439024390244,41.890243902439025,19.682926829268293,7.670731707317073,4.195121951219512,16.085365853658537,0.44120731707317074,0.30808536585365853,0.7065609756097562,24.631939412699793,-11.631939412699793,11.631939412699793
1610612737,ATL,Atlanta Hawks,22005,26,82,97.21951219512195,40.25609756097561,19.817073170731707,7.158536585365853,4.804878048780488,15.658536585365853,0.45496341463414636,0.3549878048780488,0.7466463414634147,31.066280115813715,-5.066280115813715,5.066280115813715
1610612737,ATL,Atlanta Hawks,22006,30,82,93.65853658536585,40.09756097560975,19.182926829268293,7.426829268292683,5.439024390243903,15.926829268292684,0.44478048780487806,0.3233536585365854,0.7648536585365853,25.451577323229536,4.548422676770464,-4.548422676770464
1610612737,ATL,Atlanta Hawks,22007,37,82,98.21951219512195,42.21951219512195,22.0,7.317073170731708,5.463414634146342,14.914634146341463,0.45463414634146343,0.34345121951219515,0.770951219512195,38.18171870887536,-1.1817187088753585,1.1817187088753585
1610612737,ATL,Atlanta Hawks,22008,47,82,98.1219512195122,40.02439024390244,20.20731707317073,7.353658536585366,4.585365853658536,12.78048780487805,0.4589390243902439,0.3658170731707317,0.738390243902439,43.7982668562817,3.2017331437183003,-3.2017331437183003
1610612737,ATL,Atlanta Hawks,22009,53,82,101.6829268292683,41.707317073170735,21.817073170731707,7.219512195121951,5.036585365853658,11.951219512195122,0.4687926829268293,0.35923170731707316,0.752780487804878,52.23995569337312,0.7600443066268809,-0.7600443066268809
1610612737,ATL,Atlanta Hawks,22010,44,82,95.0,39.292682926829265,21.975609756097562,6.060975609756097,4.158536585365853,13.634146341463415,0.46337804878048783,0.3594878048780488,0.7732682926829268,38.809590787116605,5.190409212883395,-5.190409212883395
1610612737,ATL,Atlanta Hawks,22011,40,66,96.5909090909091,41.18181818181818,22.439393939393938,8.121212121212121,4.590909090909091,13.954545454545455,0.4546060606060606,0.3717272727272727,0.7486363636363635,46.42256802313486,-6.422568023134858,6.422568023134858
1610612737,ATL,Atlanta Hawks,22013,38,82,101.0,39.97560975609756,24.890243902439025,8.292682926829269,3.975609756097561,15.25609756097561,0.45852439024390246,0.35979268292682925,0.7829634146341464,34.21351708032536,3.78648291967464,-3.78648291967464
1610612737,ATL,Atlanta Hawks,22014,60,82,102.54878048780488,40.5609756097561,25.74390243902439,9.073170731707316,4.634146341463414,14.231707317073171,0.46718292682926826,0.38014634146341464,0.7765121951219512,49.14898212516726,10.851017874832742,-10.851017874832742
1610612737,ATL,Atlanta Hawks,22015,48,82,102.84146341463415,42.08536585365854,25.609756097560975,9.109756097560975,5.926829268292683,14.951219512195122,0.4586219512195122,0.35164634146341467,0.7780121951219512,42.833060604213486,5.166939395786514,-5.166939395786514
1610612737,ATL,Atlanta Hawks,22016,43,82,103.15853658536585,44.329268292682926,23.634146341463413,8.195121951219512,4.841463414634147,15.78048780487805,0.45209756097560977,0.3413414634146341,0.7260609756097561,35.08809866638678,7.911901333613223,-7.911901333613223
1610612737,ATL,Atlanta Hawks,22017,24,82,103.35365853658537,41.90243902439025,23.73170731707317,7.780487804878049,4.2439024390243905,15.536585365853659,0.44771951219512196,0.36346341463414633,0.7870975609756098,29.72481641951722,-5.7248164195172215,5.7248164195172215
1610612737,ATL,Atlanta Hawks,22018,29,82,113.34146341463415,46.09756097560975,25.829268292682926,8.231707317073171,5.109756097560975,17.036585365853657,0.45178048780487806,0.3509756097560976,0.7518170731707318,26.618207484593068,2.381792515406932,-2.381792515406932
1610612737,ATL,Atlanta Hawks,22019,20,67,111.76119402985074,43.25373134328358,23.955223880597014,7.8059701492537314,5.08955223880597,16.208955223880597,0.45029850746268657,0.33244776119402986,0.7883582089552239,19.04881238667467,0.951187613325331,-0.951187613325331
1610612737,ATL,Atlanta Hawks,22020,41,72,113.69444444444444,45.625,24.125,6.986111111111111,4.75,13.23611111111111,0.4691388888888889,0.37019444444444444,0.8134444444444444,48.73885919682607,-7.73885919682607,7.73885919682607
1610612737,ATL,Atlanta Hawks,22021,43,82,113.9390243902439,43.97560975609756,24.597560975609756,7.158536585365853,4.2439024390243905,11.853658536585366,0.47113414634146344,0.3717439024390244,0.8117682926829268,49.80925263681066,-6.809252636810662,6.809252636810662
1610612737,ATL,Atlanta Hawks,22022,41,82,118.42682926829268,44.3780487804878,24.98780487804878,7.073170731707317,4.890243902439025,12.926829268292684,0.48432926829268297,0.35339024390243906,0.8196585365853659,46.73014699015149,-5.730146990151489,5.730146990151489
1610612738,BOS,Boston Celtics,21997,36,82,95.90243902439025,39.51219512195122,22.146341463414632,12.036585365853659,4.463414634146342,16.21951219512195,0.4353048780487805,0.3284268292682927,0.7230731707317073,31.22045513252149,4.77954486747851,-4.77954486747851
1610612738,BOS,Boston Celtics,21998,19,50,93.0,42.76,21.46,9.06,5.1,16.14,0.4361,0.3465,0.69026,35.362954004214416,-16.362954004214416,16.362954004214416
1610612738,BOS,Boston Celtics,21999,35,82,99.34146341463415,43.02439024390244,21.23170731707317,9.695121951219512,3.4878048780487805,15.353658536585366,0.44454878048780494,0.32812195121951215,0.7444512195121952,37.22531240280686,-2.225312402806857,2.225312402806857
1610612738,BOS,Boston Celtics,22000,36,82,94.6219512195122,39.80487804878049,20.829268292682926,9.378048780487806,4.097560975609756,15.670731707317072,0.42854878048780487,0.35680487804878047,0.7364024390243902,26.18849884963835,9.81150115036165,-9.81150115036165
1610612738,BOS,Boston Celtics,22001,49,82,96.35365853658537,42.207317073170735,21.0,9.670731707317072,3.5609756097560976,13.585365853658537,0.42507317073170736,0.3584390243902439,0.7610243902439024,39.30242538807516,9.697574611924843,-9.697574611924843
1610612738,BOS,Boston Celtics,22002,44,82,92.67073170731707,40.48780487804878,19.20731707317073,8.78048780487805,3.6951219512195124,13.987804878048781,0.41507317073170735,0.330109756097561,0.7380853658536586,22.66261210954707,21.33738789045293,-21.33738789045293
1610612738,BOS,Boston Celtics,22003,36,82,95.2560975609756,40.13414634146341,20.524390243902438,9.390243902439025,4.036585365853658,16.195121951219512,0.44408536585365854,0.34201219512195125,0.7566463414634147,31.706597526536438,4.293402473463562,-4.293402473463562
1610612738,BOS,Boston Celtics,22004,45,82,101.26829268292683,40.81707317073171,22.073170731707318,8.134146341463415,5.158536585365853,15.817073170731707,0.4696341463414634,0.3473658536585366,0.7600121951219512,38.64752975668748,6.352470243312517,-6.352470243312517
1610612738,BOS,Boston Celtics,22005,33,82,97.96341463414635,39.573170731707314,20.926829268292682,7.048780487804878,5.146341463414634,16.573170731707318,0.46874390243902436,0.36148780487804877,0.752609756097561,33.179369501391974,-0.1793695013919745,0.1793695013919745
1610612738,BOS,Boston Celtics,22006,24,82,95.8170731707317,40.353658536585364,19.878048780487806,7.182926829268292,4.658536585365853,16.463414634146343,0.4443048780487805,0.36590243902439024,0.7679878048780489,26.812229194984138,-2.8122291949841376,2.8122291949841376
1610612738,BOS,Boston Celtics,22007,66,82,100.54878048780488,42.01219512195122,22.353658536585368,8.487804878048781,4.621951219512195,15.195121951219512,0.4759024390243903,0.37676829268292683,0.7695000000000001,54.96704639512814,11.032953604871857,-11.032953604871857
1610612738,BOS,Boston Celtics,22008,62,82,100.91463414634147,42.13414634146341,22.70731707317073,7.573170731707317,4.719512195121951,15.609756097560975,0.485390243902439,0.39004878048780484,0.7639878048780487,56.80422465434446,5.195775345655541,-5.195775345655541
1610612738,BOS,Boston Celtics,22009,50,82,99.21951219512195,38.59756097560975,23.536585365853657,8.548780487804878,4.902439024390244,14.865853658536585,0.48442682926829267,0.341609756097561,0.7406341463414634,45.0535813695963,4.946418630403699,-4.946418630403699
1610612738,BOS,Boston Celtics,22010,56,82,96.5,38.792682926829265,23.426829268292682,8.24390243902439,4.195121951219512,14.573170731707316,0.48693902439024395,0.3614512195121951,0.7677682926829268,53.78263066604665,2.21736933395335,-2.21736933395335
1610612738,BOS,Boston Celtics,22011,39,66,91.84848484848484,38.78787878787879,23.59090909090909,7.545454545454546,5.484848484848484,14.833333333333334,0.46195454545454545,0.361060606060606,0.7858636363636363,43.07812771774974,-4.078127717749737,4.078127717749737
1610612738,BOS,Boston Celtics,22013,25,82,96.2439024390244,42.5,21.048780487804876,7.121951219512195,4.182926829268292,15.378048780487806,0.43700000000000006,0.3271707317073171,0.7854146341463414,26.453271046079163,-1.4532710460791627,1.4532710460791627
1610612738,BOS,Boston Celtics,22014,40,82,101.36585365853658,43.84146341463415,24.5,8.21951219512195,3.5853658536585367,13.817073170731707,0.44432926829268293,0.3261829268292683,0.7567439024390243,36.199633420093726,3.8003665799062745,-3.8003665799062745
1610612738,BOS,Boston Celtics,22015,48,82,105.71951219512195,44.91463414634146,24.158536585365855,9.170731707317072,4.2439024390243905,13.74390243902439,0.4401341463414634,0.3353048780487805,0.7886951219512195,39.75221489353857,8.247785106461428,-8.247785106461428
1610612738,BOS,Boston Celtics,22016,53,82,108.01219512195122,41.96341463414634,25.23170731707317,7.524390243902439,4.146341463414634,13.268292682926829,0.4550243902439024,0.35874390243902443,0.8102317073170731,35.45720865493649,17.542791345063513,-17.542791345063513
1610612738,BOS,Boston Celtics,22017,55,82,104.01219512195122,44.451219512195124,22.463414634146343,7.365853658536586,4.548780487804878,14.0,0.45128048780487806,0.38128048780487805,0.7716219512195123,45.470131758105694,9.529868241894306,-9.529868241894306
1610612738,BOS,Boston Celtics,22018,49,82,112.39024390243902,44.548780487804876,26.28048780487805,8.609756097560975,5.304878048780488,12.829268292682928,0.46582926829268295,0.3630121951219512,0.8063780487804879,51.5206461456,-2.520646145599997,2.520646145599997
1610612738,BOS,Boston Celtics,22019,48,72,113.65277777777777,46.06944444444444,22.98611111111111,8.26388888888889,5.638888888888889,13.819444444444445,0.4619166666666667,0.3658472222222222,0.8029166666666667,49.123930857806265,-1.1239308578062648,1.1239308578062648
1610612738,BOS,Boston Celtics,22020,36,72,112.625,44.25,23.458333333333332,7.722222222222222,5.319444444444445,14.055555555555555,0.4673611111111111,0.3754722222222222,0.7782916666666666,44.75924267581145,-8.75924267581145,8.75924267581145
1610612738,BOS,Boston Celtics,22021,51,82,111.7560975609756,46.073170731707314,24.829268292682926,7.2073170731707314,5.829268292682927,13.634146341463415,0.46708536585365856,0.3524390243902439,0.8164878048780487,48.5302192267021,2.4697807732978987,-2.4697807732978987
1610612738,BOS,Boston Celtics,22022,57,82,117.9390243902439,45.329268292682926,26.658536585365855,6.353658536585366,5.2439024390243905,13.353658536585366,0.4763048780487805,0.37540243902439024,0.8096463414634147,44.259069762565595,12.740930237434405,-12.740930237434405
1610612739,CLE,Cleveland Cavaliers,21997,47,82,92.5,40.073170731707314,23.097560975609756,9.926829268292684,5.109756097560975,17.341463414634145,0.4557560975609756,0.37420731707317073,0.7576829268292683,44.43068665708294,2.569313342917063,-2.569313342917063
1610612739,CLE,Cleveland Cavaliers,21998,22,50,86.44,35.76,21.86,9.04,4.06,15.7,0.43988,0.33354,0.7470600000000001,24.113272603370696,-2.113272603370696,2.113272603370696
1610612739,CLE,Cleveland Cavaliers,21999,32,82,96.95121951219512,42.792682926829265,23.670731707317074,8.71951219512195,4.426829268292683,17.402439024390244,0.4429268292682927,0.3701219512195122,0.7493414634146341,33.92908010807979,-1.9290801080797877,1.9290801080797877
1610612739,CLE,Cleveland Cavaliers,22000,30,82,92.20731707317073,42.13414634146341,20.829268292682926,7.829268292682927,5.317073170731708,16.463414634146343,0.44347560975609757,0.3176341463414634,0.7664024390243902,31.02579997099187,-1.0257999709918693,1.0257999709918693
1610612739,CLE,Cleveland Cavaliers,22001,29,82,95.26829268292683,42.08536585365854,23.0609756097561,6.975609756097561,5.7317073170731705,14.585365853658537,0.4479146341463415,0.3738292682926829,0.7706951219512196,41.988794484287105,-12.988794484287105,12.988794484287105
1610612739,CLE,Cleveland Cavaliers,22002,17,82,91.40243902439025,44.63414634146341,20.878048780487806,7.7560975609756095,6.353658536585366,18.26829268292683,0.42297560975609755,0.30365853658536585,0.746390243902439,19.270673871736047,-2.2706738717360473,2.2706738717360473
1610612739,CLE,Cleveland Cavaliers,22003,35,82,92.91463414634147,45.573170731707314,22.048780487804876,7.134146341463414,6.548780487804878,14.768292682926829,0.434609756097561,0.3176219512195122,0.748670731707317,39.078418524895795,-4.078418524895795,4.078418524895795
1610612739,CLE,Cleveland Cavaliers,22004,42,82,96.51219512195122,42.30487804878049,22.573170731707318,7.975609756097561,5.621951219512195,13.914634146341463,0.4483292682926829,0.32426829268292684,0.7505975609756097,39.244208839677285,2.7557911603227154,-2.7557911603227154
1610612739,CLE,Cleveland Cavaliers,22005,50,82,97.58536585365853,42.31707317073171,19.024390243902438,6.914634146341464,4.780487804878049,13.865853658536585,0.4551829268292683,0.33870731707317075,0.7276951219512195,39.42306628803369,10.576933711966312,-10.576933711966312
1610612739,CLE,Cleveland Cavaliers,22006,50,82,96.7560975609756,43.51219512195122,20.829268292682926,7.621951219512195,4.304878048780488,14.353658536585366,0.4478048780487805,0.34606097560975607,0.693439024390244,40.08063968053455,9.919360319465447,-9.919360319465447
1610612739,CLE,Cleveland Cavaliers,22007,45,82,96.3780487804878,44.573170731707314,20.0,7.060975609756097,5.2073170731707314,13.963414634146341,0.4390121951219512,0.3468658536585366,0.7178414634146342,40.08065889345671,4.919341106543293,-4.919341106543293
1610612739,CLE,Cleveland Cavaliers,22008,66,82,100.28048780487805,42.19512195121951,20.28048780487805,7.2317073170731705,5.304878048780488,12.74390243902439,0.4692195121951219,0.3942682926829268,0.7561341463414634,59.16571020562071,6.834289794379288,-6.834289794379288
1610612739,CLE,Cleveland Cavaliers,22009,61,82,102.10975609756098,42.47560975609756,22.378048780487806,6.878048780487805,5.182926829268292,13.865853658536585,0.4857073170731708,0.3828658536585366,0.7256829268292683,57.799209849157236,3.2007901508427636,-3.2007901508427636
1610612739,CLE,Cleveland Cavaliers,22010,19,82,95.45121951219512,40.30487804878049,20.975609756097562,6.634146341463414,4.158536585365853,14.21951219512195,0.4352926829268293,0.3413414634146341,0.743219512195122,22.32062550857795,-3.320625508577951,3.320625508577951
1610612739,CLE,Cleveland Cavaliers,22011,21,66,93.03030303030303,42.27272727272727,19.818181818181817,7.0606060606060606,3.9696969696969697,15.409090909090908,0.4230757575757576,0.343969696969697,0.7190757575757576,21.528320340273464,-0.5283203402734635,0.5283203402734635
1610612739,CLE,Cleveland Cavaliers,22013,33,82,98.21951219512195,44.1219512195122,21.195121951219512,7.060975609756097,3.707317073170732,14.182926829268293,0.437780487804878,0.35476829268292687,0.7495,36.288029669014165,-3.288029669014165,3.288029669014165
1610612739,CLE,Cleveland Cavaliers,22014,53,82,103.13414634146342,42.96341463414634,22.121951219512194,7.353658536585366,4.146341463414634,14.28048780487805,0.4589146341463415,0.3637560975609756,0.7450975609756098,40.897746253725394,12.102253746274606,-12.102253746274606
1610612739,CLE,Cleveland Cavaliers,22015,57,82,104.32926829268293,44.51219512195122,22.695121951219512,6.719512195121951,3.8658536585365852,13.585365853658537,0.46195121951219514,0.3624512195121951,0.7491463414634146,45.523596083456816,11.476403916543184,-11.476403916543184
1610612739,CLE,Cleveland Cavaliers,22016,51,82,110.34146341463415,43.74390243902439,22.658536585365855,6.573170731707317,3.9878048780487805,13.670731707317072,0.47082926829268296,0.3821707317073171,0.7439146341463414,43.31968474517143,7.680315254828571,-7.680315254828571
1610612739,CLE,Cleveland Cavaliers,22017,50,82,110.86585365853658,42.13414634146341,23.365853658536587,7.097560975609756,3.8048780487804876,13.731707317073171,0.4772317073170732,0.3723658536585366,0.7780853658536585,42.68583034704478,7.314169652955222,-7.314169652955222
1610612739,CLE,Cleveland Cavaliers,22018,19,82,104.47560975609755,42.65853658536585,20.70731707317073,6.512195121951219,2.3780487804878048,13.487804878048781,0.4447560975609756,0.3520243902439024,0.7861951219512195,28.972960832941332,-9.972960832941332,9.972960832941332
1610612739,CLE,Cleveland Cavaliers,22019,19,65,106.8923076923077,44.246153846153845,23.076923076923077,6.876923076923077,3.246153846153846,16.50769230769231,0.4598307692307692,0.34781538461538464,0.7574000000000001,28.175830858395056,-9.175830858395056,9.175830858395056
1610612739,CLE,Cleveland Cavaliers,22020,22,72,103.83333333333333,42.75,23.833333333333332,7.763888888888889,4.513888888888889,15.472222222222221,0.4505277777777778,0.3367777777777778,0.742736111111111,27.566826155250823,-5.566826155250823,5.566826155250823
1610612739,CLE,Cleveland Cavaliers,22021,44,82,107.79268292682927,44.18292682926829,25.170731707317074,7.073170731707317,4.182926829268292,14.402439024390244,0.46967073170731705,0.35281707317073174,0.7667073170731707,42.03299645067823,1.9670035493217668,-1.9670035493217668
1610612739,CLE,Cleveland Cavaliers,22022,51,82,112.2560975609756,41.08536585365854,24.9390243902439,7.146341463414634,4.682926829268292,13.341463414634147,0.4895121951219512,0.3663170731707317,0.783670731707317,45.66855415240011,5.331445847599888,-5.331445847599888
1610612740,NOH,New Orleans Hornets,22002,47,82,93.89024390243902,43.5609756097561,22.036585365853657,8.0,4.804878048780488,14.78048780487805,0.4357439024390244,0.38376829268292684,0.7670853658536585,45.98505453484089,1.0149454651591086,-1.0149454651591086
1610612740,NOH,New Orleans Hornets,22003,41,82,91.8170731707317,42.792682926829265,20.926829268292682,8.634146341463415,4.219512195121951,14.926829268292684,0.42131707317073175,0.3202926829268293,0.7507439024390243,29.097146399370597,11.902853600629403,-11.902853600629403
1610612740,NOH,New Orleans Hornets,22004,18,82,88.4390243902439,40.24390243902439,21.024390243902438,6.7073170731707314,3.7804878048780486,14.841463414634147,0.4151219512195122,0.3024268292682927,0.7739390243902439,11.807533920162227,6.192466079837773,-6.192466079837773
1610612740,NOH,New Orleans Hornets,22007,56,82,100.85365853658537,41.84146341463415,21.76829268292683,7.7682926829268295,3.9146341463414633,11.878048780487806,0.46554878048780485,0.3823780487804878,0.7677073170731707,57.86656532236028,-1.8665653223602803,1.8665653223602803
1610612740,NOH,New Orleans Hornets,22008,49,82,95.8170731707317,39.69512195121951,19.621951219512194,7.2317073170731705,4.121951219512195,12.548780487804878,0.45763414634146343,0.3555609756097561,0.8065975609756099,46.016050893477434,2.983949106522566,-2.983949106522566
1610612740,NOH,New Orleans Hornets,22009,37,82,100.2439024390244,40.26829268292683,22.29268292682927,7.621951219512195,3.658536585365854,13.451219512195122,0.4658414634146341,0.3615243902439024,0.7702926829268293,44.01158811595174,-7.011588115951739,7.011588115951739
1610612740,NOH,New Orleans Hornets,22010,46,82,94.92682926829268,40.146341463414636,20.621951219512194,7.609756097560975,4.378048780487805,13.036585365853659,0.4595,0.36246341463414633,0.7663536585365853,48.60578213930799,-2.6057821393079905,2.6057821393079905
1610612740,NOH,New Orleans Hornets,22011,21,66,89.63636363636364,41.13636363636363,20.727272727272727,7.393939393939394,4.787878787878788,15.515151515151516,0.4528484848484849,0.3362727272727273,0.7605,40.05886366965017,-19.058863669650172,19.058863669650172
1610612740,NOK,New Orleans/Oklahoma City Hornets,22005,38,82,92.8170731707317,40.207317073170735,18.524390243902438,7.451219512195122,3.792682926829268,13.353658536585366,0.44130487804878044,0.344,0.7584756097560975,36.25559095238945,1.744409047610553,-1.744409047610553
1610612740,NOK,New Orleans/Oklahoma City Hornets,22006,39,82,95.52439024390245,43.13414634146341,18.74390243902439,6.365853658536586,4.2317073170731705,14.475609756097562,0.4467560975609756,0.3644268292682927,0.7458780487804878,39.79657914006279,-0.7965791400627893,0.7965791400627893
1610612740,NOP,New Orleans Pelicans,22013,34,82,99.71951219512195,41.69512195121951,21.28048780487805,7.890243902439025,6.378048780487805,13.768292682926829,0.4602682926829268,0.3725,0.7717682926829269,49.9667834444111,-15.9667834444111,15.9667834444111
1610612740,NOP,New Orleans Pelicans,22014,45,82,99.35365853658537,43.451219512195124,22.024390243902438,6.7439024390243905,6.219512195121951,13.25609756097561,0.4585121951219512,0.3715,0.7481341463414635,50.57211098956701,-5.572110989567008,5.572110989567008
1610612740,NOP,New Orleans Pelicans,22015,30,82,102.71951219512195,42.609756097560975,22.170731707317074,7.719512195121951,4.170731707317073,13.439024390243903,0.44892682926829264,0.3576341463414634,0.7792560975609756,39.72356106295377,-9.72356106295377,9.72356106295377
1610612740,NOP,New Orleans Pelicans,22016,34,82,104.34146341463415,43.68292682926829,22.79268292682927,7.780487804878049,5.524390243902439,12.853658536585366,0.45093902439024386,0.34665853658536583,0.7471219512195122,42.37603719300195,-8.376037193001949,8.376037193001949
1610612740,NOP,New Orleans Pelicans,22017,48,82,111.71951219512195,44.329268292682926,26.76829268292683,8.012195121951219,5.914634146341464,14.914634146341463,0.48432926829268297,0.3594390243902439,0.7743536585365853,50.25555162615935,-2.2555516261593525,2.2555516261593525
1610612740,NOP,New Orleans Pelicans,22018,33,82,115.4390243902439,47.292682926829265,27.024390243902438,7.439024390243903,5.378048780487805,14.817073170731707,0.47456097560975613,0.3440731707317073,0.7574634146341463,44.21951831336104,-11.219518313361043,11.219518313361043
1610612740,NOP,New Orleans Pelicans,22019,30,72,115.84722222222223,46.5,26.833333333333332,7.486111111111111,4.972222222222222,16.40277777777778,0.4661527777777778,0.36988888888888893,0.7269583333333334,33.80081492735137,-3.800814927351368,3.800814927351368
1610612740,NOP,New Orleans Pelicans,22020,31,72,114.59722222222223,47.40277777777778,26.0,7.569444444444445,4.375,14.61111111111111,0.47876388888888893,0.3469027777777778,0.7271388888888889,47.87903208159182,-16.879032081591816,16.879032081591816
1610612740,NOP,New Orleans Pelicans,22021,36,82,109.29268292682927,45.207317073170735,24.963414634146343,8.292682926829269,4.0,14.060975609756097,0.45795121951219514,0.3355609756097561,0.7897682926829268,41.36235722874184,-5.362357228741843,5.362357228741843
1610612740,NOP,New Orleans Pelicans,22022,42,82,114.36585365853658,43.69512195121951,25.878048780487806,8.304878048780488,4.109756097560975,14.585365853658537,0.48135365853658535,0.3615609756097561,0.7949024390243903,46.15589943180573,-4.155899431805729,4.155899431805729
1610612741,CHI,Chicago Bulls,21997,62,82,96.71951219512195,44.890243902439025,23.804878048780488,8.487804878048781,4.304878048780488,14.365853658536585,0.45250000000000007,0.3125,0.738609756097561,46.13231625392751,15.867683746072487,-15.867683746072487
1610612741,CHI,Chicago Bulls,21998,13,50,81.9,39.34,20.34,8.72,3.38,15.48,0.4031,0.29109999999999997,0.70378,10.950593827828747,2.0494061721712526,-2.0494061721712526
1610612741,CHI,Chicago Bulls,21999,17,82,84.78048780487805,40.91463414634146,20.0609756097561,7.878048780487805,4.670731707317073,18.98780487804878,0.41654878048780486,0.3235487804878049,0.7188780487804878,10.731247406165675,6.268752593834325,-6.268752593834325
1610612741,CHI,Chicago Bulls,22000,15,82,87.57317073170732,38.853658536585364,22.073170731707318,8.231707317073171,4.621951219512195,15.75609756097561,0.4255609756097561,0.347719512195122,0.7368536585365854,23.22858937649766,-8.22858937649766,8.22858937649766
1610612741,CHI,Chicago Bulls,22001,21,82,89.45121951219512,40.03658536585366,22.158536585365855,7.719512195121951,4.402439024390244,15.268292682926829,0.4335487804878049,0.3317560975609756,0.7213170731707318,25.43499529153891,-4.434995291538911,4.434995291538911
1610612741,CHI,Chicago Bulls,22002,30,82,94.95121951219512,43.0,21.73170731707317,7.378048780487805,5.621951219512195,16.926829268292682,0.44652439024390245,0.3424512195121951,0.7254878048780488,31.02181297411319,-1.021812974113189,1.021812974113189
1610612741,CHI,Chicago Bulls,22003,23,82,89.6951219512195,43.5,21.865853658536587,8.036585365853659,4.829268292682927,16.036585365853657,0.4160365853658537,0.3466219512195122,0.7227317073170733,27.619670295835483,-4.619670295835483,4.619670295835483
1610612741,CHI,Chicago Bulls,22004,47,82,94.45121951219512,43.80487804878049,21.25609756097561,7.024390243902439,4.5,16.71951219512195,0.4349146341463414,0.3542682926829268,0.7494390243902439,29.21061661710343,17.78938338289657,-17.78938338289657
1610612741,CHI,Chicago Bulls,22005,41,82,97.8048780487805,42.78048780487805,22.0,6.195121951219512,4.2073170731707314,14.926829268292684,0.4481951219512195,0.3761341463414634,0.7362682926829268,35.143314690223285,5.856685309776715,-5.856685309776715
1610612741,CHI,Chicago Bulls,22006,49,82,98.78048780487805,43.670731707317074,22.341463414634145,7.7926829268292686,5.426829268292683,15.975609756097562,0.4581219512195122,0.38934146341463416,0.7346951219512194,47.84910320896351,1.1508967910364873,-1.1508967910364873
1610612741,CHI,Chicago Bulls,22007,33,82,97.32926829268293,43.02439024390244,22.085365853658537,7.7439024390243905,5.2317073170731705,14.597560975609756,0.43554878048780493,0.366,0.7559634146341463,36.88173718893913,-3.881737188939127,3.881737188939127
1610612741,CHI,Chicago Bulls,22008,41,82,102.17073170731707,42.08536585365854,21.121951219512194,7.5,5.524390243902439,14.536585365853659,0.4573170731707317,0.3754390243902439,0.7941585365853658,43.22715943077672,-2.227159430776723,2.227159430776723
1610612741,CHI,Chicago Bulls,22009,41,82,97.47560975609755,44.53658536585366,20.78048780487805,6.475609756097561,5.829268292682927,14.329268292682928,0.4525731707317073,0.33608536585365856,0.7538048780487805,42.45846075227495,-1.4584607522749522,1.4584607522749522
1610612741,CHI,Chicago Bulls,22010,62,82,98.6219512195122,44.15853658536585,22.28048780487805,7.219512195121951,5.7073170731707314,14.158536585365853,0.46323170731707314,0.3603292682926829,0.7420121951219512,52.41318629079785,9.586813709202147,-9.586813709202147
1610612741,CHI,Chicago Bulls,22011,50,66,96.34848484848484,46.666666666666664,23.136363636363637,6.909090909090909,5.878787878787879,13.984848484848484,0.45266666666666666,0.3758484848484849,0.7195,57.77710188807382,-7.7771018880738225,7.7771018880738225
1610612741,CHI,Chicago Bulls,22013,48,82,93.65853658536585,44.146341463414636,22.682926829268293,7.2439024390243905,5.170731707317073,14.914634146341463,0.433280487804878,0.34659756097560973,0.7811219512195122,37.82740175111742,10.17259824888258,-10.17259824888258
1610612741,CHI,Chicago Bulls,22014,50,82,100.79268292682927,45.74390243902439,21.71951219512195,6.2682926829268295,5.804878048780488,13.963414634146341,0.4431829268292683,0.3535853658536585,0.781890243902439,41.414080696632645,8.585919303367355,-8.585919303367355
1610612741,CHI,Chicago Bulls,22015,42,82,101.64634146341463,46.292682926829265,22.804878048780488,6.036585365853658,5.7317073170731705,13.914634146341463,0.44321951219512196,0.3688780487804878,0.7820121951219512,43.50414346789282,-1.504143467892817,1.504143467892817
1610612741,CHI,Chicago Bulls,22016,41,82,102.86585365853658,46.292682926829265,22.573170731707318,7.841463414634147,4.7926829268292686,13.560975609756097,0.4447439024390244,0.33440243902439026,0.7973536585365854,46.08752036145657,-5.087520361456569,5.087520361456569
1610612741,CHI,Chicago Bulls,22017,27,82,102.92682926829268,44.65853658536585,23.451219512195124,7.634146341463414,3.524390243902439,13.987804878048781,0.4358414634146341,0.3535121951219512,0.7570365853658536,33.920750889347254,-6.920750889347254,6.920750889347254
1610612741,CHI,Chicago Bulls,22018,22,82,104.9390243902439,42.890243902439025,21.902439024390244,7.353658536585366,4.280487804878049,14.134146341463415,0.4541829268292683,0.34918292682926827,0.7882926829268293,36.12921658597463,-14.129216585974632,14.129216585974632
1610612741,CHI,Chicago Bulls,22019,22,65,106.84615384615384,41.86153846153846,23.23076923076923,10.03076923076923,4.076923076923077,15.461538461538462,0.4478923076923077,0.34796923076923075,0.7518923076923076,31.252932236381092,-9.252932236381092,9.252932236381092
1610612741,CHI,Chicago Bulls,22020,31,72,110.68055555555556,44.958333333333336,26.76388888888889,6.694444444444445,4.222222222222222,15.125,0.4771944444444444,0.3655277777777778,0.7919444444444445,43.81646370962339,-12.816463709623392,12.816463709623392
1610612741,CHI,Chicago Bulls,22021,46,82,111.60975609756098,42.329268292682926,23.878048780487806,7.134146341463414,4.097560975609756,12.841463414634147,0.4802560975609756,0.3665,0.8086097560975609,47.8471300004945,-1.8471300004945022,1.8471300004945022
1610612741,CHI,Chicago Bulls,22022,40,82,113.1219512195122,42.353658536585364,24.463414634146343,7.853658536585366,4.524390243902439,13.378048780487806,0.4914512195121951,0.357,0.8077560975609757,51.95703201457172,-11.957032014571723,11.957032014571723
1610612742,DAL,Dallas Mavericks,21997,20,82,91.39024390243902,40.09756097560975,18.71951219512195,7.878048780487805,5.682926829268292,14.426829268292684,0.4273414634146342,0.3578292682926829,0.7480243902439024,30.819515561950816,-10.819515561950816,10.819515561950816
1610612742,DAL,Dallas Mavericks,21998,19,50,91.62,42.46,18.42,7.04,5.84,13.84,0.43445999999999996,0.34090000000000004,0.7353400000000001,37.44840680032237,-18.448406800322367,18.448406800322367
1610612742,DAL,Dallas Mavericks,21999,40,82,101.41463414634147,41.15853658536585,22.073170731707318,7.219512195121951,5.073170731707317,13.707317073170731,0.45424390243902435,0.39034146341463416,0.8094268292682928,43.799036449118134,-3.799036449118134,3.799036449118134
1610612742,DAL,Dallas Mavericks,22000,53,82,100.47560975609755,41.48780487804878,21.21951219512195,7.536585365853658,6.0,13.914634146341463,0.46093902439024387,0.3801707317073171,0.7940121951219512,48.75561274134257,4.244387258657433,-4.244387258657433
1610612742,DAL,Dallas Mavericks,22001,57,82,105.23170731707317,42.51219512195122,22.085365853658537,7.085365853658536,4.780487804878049,12.097560975609756,0.46279268292682924,0.3801707317073171,0.8047682926829268,51.56279831158748,5.437201688412522,-5.437201688412522
1610612742,DAL,Dallas Mavericks,22002,60,82,102.97560975609755,42.146341463414636,22.402439024390244,8.109756097560975,5.475609756097561,11.560975609756097,0.453280487804878,0.37758536585365854,0.827829268292683,54.82182963084496,5.1781703691550405,-5.1781703691550405
1610612742,DAL,Dallas Mavericks,22003,52,82,105.1951219512195,45.26829268292683,23.9390243902439,8.0,5.329268292682927,12.158536585365853,0.4607317073170732,0.3471829268292683,0.7976951219512195,56.83037158074092,-4.830371580740923,4.830371580740923
1610612742,DAL,Dallas Mavericks,22004,58,82,102.5,42.926829268292686,19.634146341463413,8.634146341463415,5.621951219512195,13.439024390243903,0.4584146341463415,0.3575243902439024,0.7883170731707316,52.01046343693808,5.989536563061918,-5.989536563061918
1610612742,DAL,Dallas Mavericks,22005,60,82,99.14634146341463,42.207317073170735,17.963414634146343,7.2317073170731705,5.951219512195122,13.560975609756097,0.463219512195122,0.3754390243902439,0.785670731707317,53.542169033038626,6.4578309669613745,-6.4578309669613745
1610612742,DAL,Dallas Mavericks,22006,67,82,100.01219512195122,41.890243902439025,19.902439024390244,6.829268292682927,4.975609756097561,13.902439024390244,0.46895121951219515,0.38182926829268293,0.807609756097561,52.55720275866761,14.442797241332393,-14.442797241332393
1610612742,DAL,Dallas Mavericks,22007,51,82,100.41463414634147,43.0,20.975609756097562,5.975609756097561,4.902439024390244,12.646341463414634,0.4657926829268293,0.3558780487804878,0.8127560975609757,50.530292176305515,0.4697078236944847,-0.4697078236944847
1610612742,DAL,Dallas Mavericks,22008,50,82,101.7439024390244,42.73170731707317,21.695121951219512,7.2073170731707314,5.2317073170731705,12.71951219512195,0.4630365853658537,0.35429268292682925,0.8221219512195123,51.60255721951401,-1.6025572195140114,1.6025572195140114
1610612742,DAL,Dallas Mavericks,22009,55,82,102.0,41.707317073170735,23.378048780487806,7.609756097560975,5.475609756097561,12.914634146341463,0.46519512195121954,0.37085365853658536,0.8165365853658537,52.40550056411097,2.594499435889027,-2.594499435889027
1610612742,DAL,Dallas Mavericks,22010,57,82,100.2439024390244,41.4390243902439,23.829268292682926,6.7926829268292686,4.2926829268292686,13.963414634146341,0.47532926829268296,0.3644268292682927,0.7749999999999999,48.33043117769312,8.669568822306879,-8.669568822306879
1610612742,DAL,Dallas Mavericks,22011,36,66,95.78787878787878,42.75757575757576,20.90909090909091,8.56060606060606,5.106060606060606,14.030303030303031,0.44362121212121214,0.34059090909090906,0.7713030303030303,44.42002600840288,-8.420026008402878,8.420026008402878
1610612742,DAL,Dallas Mavericks,22013,49,82,104.84146341463415,40.90243902439025,23.597560975609756,8.585365853658537,4.341463414634147,13.536585365853659,0.4747439024390244,0.3818048780487805,0.7888292682926829,53.422664567329214,-4.422664567329214,4.422664567329214
1610612742,DAL,Dallas Mavericks,22014,50,82,105.21951219512195,42.26829268292683,22.51219512195122,8.085365853658537,4.524390243902439,12.951219512195122,0.4635365853658536,0.34903658536585364,0.7563536585365854,44.94484960454985,5.055150395450148,-5.055150395450148
1610612742,DAL,Dallas Mavericks,22015,42,82,102.29268292682927,43.073170731707314,22.109756097560975,6.829268292682927,3.731707317073171,12.768292682926829,0.4447926829268293,0.3430121951219512,0.7929878048780489,36.06744695840577,5.9325530415942325,-5.9325530415942325
1610612742,DAL,Dallas Mavericks,22016,33,82,97.91463414634147,38.573170731707314,20.79268292682927,7.487804878048781,3.7439024390243905,11.853658536585366,0.4403414634146341,0.35536585365853657,0.7972439024390243,33.156879473292896,-0.15687947329289642,0.15687947329289642
1610612742,DAL,Dallas Mavericks,22017,24,82,102.3170731707317,41.25609756097561,22.658536585365855,7.048780487804878,3.7804878048780486,12.28048780487805,0.4455121951219513,0.360890243902439,0.7631829268292684,34.977395395405836,-10.977395395405836,10.977395395405836
1610612742,DAL,Dallas Mavericks,22018,33,82,108.86585365853658,45.31707317073171,23.390243902439025,6.5,4.280487804878049,14.231707317073171,0.4476585365853658,0.3414512195121951,0.7415243902439025,28.169854555962345,4.830145444037655,-4.830145444037655
1610612742,DAL,Dallas Mavericks,22019,43,75,117.01333333333334,46.93333333333333,24.653333333333332,6.133333333333334,4.84,12.706666666666667,0.46182666666666666,0.3668266666666667,0.7789466666666667,41.36299132232754,1.637008677672462,-1.637008677672462
1610612742,DAL,Dallas Mavericks,22020,42,72,112.44444444444444,43.333333333333336,22.875,6.25,4.319444444444445,12.069444444444445,0.47041666666666665,0.3595555555555556,0.7756805555555555,41.71701195157124,0.2829880484287628,-0.2829880484287628
1610612742,DAL,Dallas Mavericks,22021,52,82,108.02439024390245,43.02439024390244,23.390243902439025,6.7317073170731705,3.9634146341463414,12.5,0.46230487804878045,0.3510243902439024,0.7751585365853659,39.96035234397564,12.039647656024357,-12.039647656024357
1610612742,DAL,Dallas Mavericks,22022,38,82,114.21951219512195,38.792682926829265,22.926829268292682,6.2682926829268295,3.707317073170732,12.21951219512195,0.476280487804878,0.3713170731707317,0.7491463414634146,28.71251030572888,9.28748969427112,-9.28748969427112
1610612743,DEN,Denver Nuggets,21997,11,82,89.02439024390245,38.98780487804878,18.865853658536587,8.097560975609756,4.7926829268292686,16.0,0.419,0.31278048780487805,0.7733048780487805,13.843063788473259,-2.843063788473259,2.843063788473259
1610612743,DEN,Denver Nuggets,21998,14,50,93.48,40.78,19.38,7.52,5.5,14.78,0.4228,0.31426,0.7609600000000001,18.540507639157674,-4.540507639157674,4.540507639157674
1610612743,DEN,Denver Nuggets,21999,35,82,98.96341463414635,44.670731707317074,23.304878048780488,6.7560975609756095,7.536585365853658,15.621951219512194,0.44258536585365854,0.33164634146341465,0.7231585365853659,30.720004915799723,4.2799950842002765,-4.2799950842002765
1610612743,DEN,Denver Nuggets,22000,40,82,96.5609756097561,44.23170731707317,24.024390243902438,6.7317073170731705,6.560975609756097,13.853658536585366,0.4332560975609756,0.3468170731707317,0.7344878048780488,35.231811636909875,4.768188363090125,-4.768188363090125
1610612743,DEN,Denver Nuggets,22001,27,82,92.1829268292683,41.792682926829265,22.158536585365855,7.475609756097561,5.634146341463414,14.695121951219512,0.42604878048780487,0.324109756097561,0.7448292682926829,25.32526178473915,1.6747382152608488,-1.6747382152608488
1610612743,DEN,Denver Nuggets,22002,17,82,84.15853658536585,42.3780487804878,21.182926829268293,8.682926829268293,5.146341463414634,18.463414634146343,0.4121707317073171,0.2654390243902439,0.6936219512195122,8.39968596029961,8.60031403970039,-8.60031403970039
1610612743,DEN,Denver Nuggets,22003,43,82,97.21951219512195,42.31707317073171,21.878048780487806,9.085365853658537,6.341463414634147,15.475609756097562,0.44440243902439025,0.3346463414634146,0.7650975609756098,38.19955387403884,4.800446125961159,-4.800446125961159
1610612743,DEN,Denver Nuggets,22004,49,82,99.52439024390245,41.951219512195124,23.878048780487806,9.146341463414634,5.963414634146342,14.926829268292684,0.4597317073170732,0.33690243902439027,0.7595,44.41688675105796,4.583113248942041,-4.583113248942041
1610612743,DEN,Denver Nuggets,22005,44,82,100.32926829268293,41.329268292682926,23.426829268292682,8.512195121951219,5.646341463414634,14.829268292682928,0.4623658536585366,0.32358536585365855,0.7429024390243902,37.85383416029734,6.146165839702661,-6.146165839702661
1610612743,DEN,Denver Nuggets,22006,45,82,105.35365853658537,43.40243902439025,23.414634146341463,8.268292682926829,5.304878048780488,16.48780487804878,0.466109756097561,0.33280487804878045,0.7461219512195122,35.02871566669179,9.971284333308212,-9.971284333308212
1610612743,DEN,Denver Nuggets,22007,50,82,110.65853658536585,44.09756097560975,24.682926829268293,9.170731707317072,6.719512195121951,14.670731707317072,0.4703780487804878,0.35143902439024394,0.7524512195121952,47.63186393934963,2.3681360606503716,-2.3681360606503716
1610612743,DEN,Denver Nuggets,22008,54,82,104.32926829268293,41.609756097560975,22.195121951219512,8.658536585365853,6.0,15.329268292682928,0.4698658536585366,0.3675121951219512,0.7584268292682927,45.38182587827578,8.618174121724223,-8.618174121724223
1610612743,DEN,Denver Nuggets,22009,53,82,106.45121951219512,41.390243902439025,20.963414634146343,8.329268292682928,5.085365853658536,13.853658536585366,0.46785365853658534,0.3563658536585366,0.771,43.550573129894936,9.449426870105064,-9.449426870105064
1610612743,DEN,Denver Nuggets,22010,50,82,107.45121951219512,41.98780487804878,22.109756097560975,7.378048780487805,4.2926829268292686,14.109756097560975,0.4755,0.3798170731707317,0.7658170731707317,46.34115770067936,3.6588422993206393,-3.6588422993206393
1610612743,DEN,Denver Nuggets,22011,38,66,104.12121212121212,43.07575757575758,23.954545454545453,8.181818181818182,5.0,15.378787878787879,0.4765909090909091,0.3348181818181818,0.736030303030303,44.37266508086478,-6.372665080864778,6.372665080864778
1610612743,DEN,Denver Nuggets,22013,36,82,104.3780487804878,45.4390243902439,22.414634146341463,7.5,5.597560975609756,15.914634146341463,0.44745121951219513,0.3571951219512195,0.7271097560975609,34.724045489575296,1.2759545104247039,-1.2759545104247039
1610612743,DEN,Denver Nuggets,22014,30,82,101.46341463414635,44.69512195121951,21.804878048780488,7.817073170731708,4.475609756097561,14.21951219512195,0.43443902439024396,0.32702439024390245,0.7328048780487806,30.72067545941592,-0.7206754594159186,0.7206754594159186
1610612743,DEN,Denver Nuggets,22015,33,82,101.89024390243902,44.6219512195122,22.658536585365855,7.426829268292683,4.817073170731708,14.658536585365853,0.4423536585365854,0.33682926829268295,0.7698292682926829,34.30385291946868,-1.3038529194686816,1.3038529194686816
1610612743,DEN,Denver Nuggets,22016,40,82,111.71951219512195,46.3780487804878,25.329268292682926,6.926829268292683,3.9390243902439024,14.951219512195122,0.470890243902439,0.3681219512195122,0.7723414634146342,44.939480751859314,-4.939480751859314,4.939480751859314
1610612743,DEN,Denver Nuggets,22017,46,82,110.0,44.51219512195122,25.109756097560975,7.646341463414634,4.926829268292683,14.951219512195122,0.4703414634146341,0.3672073170731707,0.7709634146341463,44.31009401300952,1.6899059869904818,-1.6899059869904818
1610612743,DEN,Denver Nuggets,22018,54,82,110.67073170731707,46.390243902439025,27.378048780487806,7.7317073170731705,4.426829268292683,13.439024390243903,0.4669512195121951,0.3497073170731707,0.7637804878048781,49.208220687154686,4.791779312845314,-4.791779312845314
1610612743,DEN,Denver Nuggets,22019,46,73,111.28767123287672,44.136986301369866,26.73972602739726,8.027397260273972,4.616438356164384,13.767123287671232,0.4745753424657534,0.3549452054794521,0.771,47.19028446907774,-1.1902844690777385,1.1902844690777385
1610612743,DEN,Denver Nuggets,22020,47,72,115.05555555555556,44.44444444444444,26.84722222222222,8.083333333333334,4.486111111111111,13.5,0.4862222222222223,0.3777916666666667,0.8077222222222222,56.51611223962522,-9.516112239625222,9.516112239625222
1610612743,DEN,Denver Nuggets,22021,48,82,112.71951219512195,44.109756097560975,27.79268292682927,7.219512195121951,3.7195121951219514,14.5,0.48379268292682925,0.3515487804878049,0.796329268292683,44.18125872790014,3.8187412720998566,-3.8187412720998566
1610612743,DEN,Denver Nuggets,22022,53,82,115.79268292682927,43.01219512195122,28.878048780487806,7.536585365853658,4.487804878048781,14.536585365853659,0.5053658536585366,0.3760121951219512,0.7536585365853659,52.74043620812325,0.2595637918767508,-0.2595637918767508
1610612744,GSW,Golden State Warriors,21997,19,82,88.2560975609756,45.86585365853659,20.829268292682926,7.573170731707317,5.463414634146342,16.695121951219512,0.41518292682926833,0.2705121951219512,0.7097926829268293,19.844245048734866,-0.8442450487348658,0.8442450487348658
1610612744,GSW,Golden State Warriors,21998,21,50,88.32,47.5,20.74,8.28,4.42,15.36,0.41519999999999996,0.28284,0.67306,32.289129225019344,-11.289129225019344,11.289129225019344
1610612744,GSW,Golden State Warriors,21999,19,82,95.53658536585365,45.58536585365854,22.573170731707318,8.914634146341463,4.341463414634147,15.878048780487806,0.4208658536585366,0.3134268292682927,0.6931829268292683,27.154330700720774,-8.154330700720774,8.154330700720774
1610612744,GSW,Golden State Warriors,22000,17,82,92.48780487804878,45.48780487804878,21.804878048780488,9.048780487804878,5.0,15.865853658536585,0.41123170731707315,0.27814634146341466,0.7087560975609757,21.268252790503908,-4.268252790503908,4.268252790503908
1610612744,GSW,Golden State Warriors,22001,21,82,97.67073170731707,46.670731707317074,20.804878048780488,7.926829268292683,6.378048780487805,16.804878048780488,0.4303658536585366,0.3221219512195122,0.7201585365853658,30.400241647518694,-9.400241647518694,9.400241647518694
1610612744,GSW,Golden State Warriors,22002,38,82,102.4390243902439,46.707317073170735,20.878048780487806,7.2439024390243905,6.170731707317073,15.792682926829269,0.4427195121951219,0.3412926829268293,0.7796219512195122,38.09836891438296,-0.09836891438295936,0.09836891438295936
1610612744,GSW,Golden State Warriors,22003,37,82,93.28048780487805,43.109756097560975,20.5,7.024390243902439,4.7439024390243905,14.71951219512195,0.4425487804878049,0.3293780487804878,0.7229512195121951,35.08193094668296,1.9180690533170406,-1.9180690533170406
1610612744,GSW,Golden State Warriors,22004,34,82,98.70731707317073,42.74390243902439,22.085365853658537,7.829268292682927,5.121951219512195,13.560975609756097,0.4309024390243903,0.342109756097561,0.7196707317073171,30.54675899452471,3.4532410054752916,-3.4532410054752916
1610612744,GSW,Golden State Warriors,22005,34,82,98.48780487804878,42.25609756097561,20.658536585365855,7.365853658536586,4.353658536585366,14.097560975609756,0.4339146341463415,0.34099999999999997,0.7193536585365854,26.76984310209776,7.230156897902241,-7.230156897902241
1610612744,GSW,Golden State Warriors,22006,42,82,106.54878048780488,41.41463414634146,23.78048780487805,9.146341463414634,5.682926829268292,15.963414634146341,0.464,0.35182926829268296,0.7152804878048781,33.76486642672109,8.235133573278908,-8.235133573278908
1610612744,GSW,Golden State Warriors,22007,48,82,111.03658536585365,43.18292682926829,22.353658536585368,9.073170731707316,4.597560975609756,13.195121951219512,0.46067073170731704,0.3505243902439024,0.7573170731707317,43.10488044295751,4.8951195570424915,-4.8951195570424915
1610612744,GSW,Golden State Warriors,22008,29,82,108.59756097560975,42.01219512195122,20.865853658536587,7.780487804878049,6.426829268292683,14.646341463414634,0.4591219512195122,0.36802439024390243,0.787890243902439,36.68314711803632,-7.683147118036317,7.683147118036317
1610612744,GSW,Golden State Warriors,22009,26,82,108.8048780487805,38.41463414634146,22.426829268292682,9.28048780487805,4.146341463414634,14.682926829268293,0.4703536585365854,0.3715,0.7794512195121951,35.62069247518789,-9.620692475187887,9.620692475187887
1610612744,GSW,Golden State Warriors,22010,36,82,103.3780487804878,40.548780487804876,22.524390243902438,8.987804878048781,4.951219512195122,14.609756097560975,0.4620609756097561,0.3842926829268293,0.754890243902439,44.520106012790365,-8.520106012790365,8.520106012790365
1610612744,GSW,Golden State Warriors,22011,23,66,97.77272727272727,39.196969696969695,22.272727272727273,8.0,5.484848484848484,13.863636363636363,0.45849999999999996,0.3798484848484849,0.7697424242424242,43.75262387476355,-20.75262387476355,20.75262387476355
1610612744,GSW,Golden State Warriors,22013,51,82,104.2560975609756,45.30487804878049,23.317073170731707,7.829268292682927,4.963414634146342,15.207317073170731,0.4623170731707317,0.3790487804878049,0.7560487804878049,50.53001422004704,0.46998577995295676,-0.46998577995295676
1610612744,GSW,Golden State Warriors,22014,67,82,109.95121951219512,44.71951219512195,27.414634146341463,9.292682926829269,6.048780487804878,14.451219512195122,0.47923170731707315,0.39787804878048777,0.7673780487804878,63.38045989595191,3.6195401040480917,-3.6195401040480917
1610612744,GSW,Golden State Warriors,22015,73,82,114.89024390243902,46.19512195121951,28.9390243902439,8.402439024390244,6.073170731707317,15.182926829268293,0.48847560975609755,0.41423170731707315,0.7678414634146341,63.3944760247161,9.605523975283901,-9.605523975283901
1610612744,GSW,Golden State Warriors,22016,67,82,115.89024390243902,44.426829268292686,30.378048780487806,9.573170731707316,6.7682926829268295,14.768292682926829,0.4959634146341463,0.38595121951219513,0.7842317073170731,63.40156121340102,3.598438786598983,-3.598438786598983
1610612744,GSW,Golden State Warriors,22017,58,82,113.46341463414635,43.51219512195122,29.29268292682927,8.0,7.463414634146342,15.426829268292684,0.5035243902439025,0.3888048780487805,0.8139268292682927,61.175309922094115,-3.1753099220941152,3.1753099220941152
1610612744,GSW,Golden State Warriors,22018,57,82,117.6829268292683,46.18292682926829,29.426829268292682,7.621951219512195,6.402439024390244,14.25609756097561,0.4914024390243903,0.3845,0.8035853658536586,58.729832651095954,-1.729832651095954,1.729832651095954
1610612744,GSW,Golden State Warriors,22019,15,65,106.33846153846154,42.84615384615385,25.584615384615386,8.215384615384615,4.6,14.907692307692308,0.4390307692307692,0.3317538461538462,0.8001846153846154,23.694793008440364,-8.694793008440364,8.694793008440364
1610612744,GSW,Golden State Warriors,22020,39,72,113.70833333333333,43.02777777777778,27.65277777777778,8.152777777777779,4.75,15.0,0.4691666666666667,0.37419444444444444,0.782875,37.511670794163265,1.4883292058367346,-1.4883292058367346
1610612744,GSW,Golden State Warriors,22021,53,82,111.0,45.48780487804878,27.109756097560975,8.768292682926829,4.536585365853658,14.890243902439025,0.46918292682926827,0.36452439024390243,0.7717073170731708,49.13428841683786,3.8657115831621383,-3.8657115831621383
1610612744,GSW,Golden State Warriors,22022,44,82,118.9390243902439,44.59756097560975,29.829268292682926,7.170731707317073,3.9390243902439024,16.29268292682927,0.4797926829268293,0.3846341463414634,0.7935243902439024,34.54692030254454,9.453079697455458,-9.453079697455458
1610612745,HOU,Houston Rockets,21997,41,82,98.76829268292683,40.69512195121951,21.9390243902439,8.365853658536585,3.5853658536585367,15.829268292682928,0.4523170731707318,0.34239024390243905,0.7736219512195122,31.15824552517655,9.84175447482345,-9.84175447482345
1610612745,HOU,Houston Rockets,21998,31,50,94.22,41.52,21.16,7.72,5.2,16.24,0.46364,0.36652,0.72634,44.317752119947485,-13.317752119947485,13.317752119947485
1610612745,HOU,Houston Rockets,21999,34,82,99.46341463414635,43.829268292682926,21.634146341463413,7.475609756097561,5.341463414634147,17.378048780487806,0.44992682926829264,0.3527804878048781,0.7336341463414634,30.921314200672786,3.0786857993272143,-3.0786857993272143
1610612745,HOU,Houston Rockets,22000,45,82,97.21951219512195,41.98780487804878,19.670731707317074,7.158536585365853,4.365853658536586,14.682926829268293,0.45519512195121953,0.35173170731707315,0.7615243902439024,39.895233813318654,5.104766186681346,-5.104766186681346
1610612745,HOU,Houston Rockets,22001,28,82,92.34146341463415,41.90243902439025,18.073170731707318,6.548780487804878,5.426829268292683,14.097560975609756,0.4293170731707317,0.3318170731707317,0.737890243902439,27.574855985969986,0.425144014030014,-0.425144014030014
1610612745,HOU,Houston Rockets,22002,43,82,93.7560975609756,43.75609756097561,18.365853658536587,7.2439024390243905,6.012195121951219,15.560975609756097,0.44120731707317074,0.3346707317073171,0.7704390243902439,37.97573536618688,5.024264633813118,-5.024264633813118
1610612745,HOU,Houston Rockets,22003,45,82,89.78048780487805,42.609756097560975,19.25609756097561,6.829268292682927,5.402439024390244,16.682926829268293,0.44234146341463415,0.3653048780487805,0.7728780487804878,38.18662240300198,6.8133775969980235,-6.8133775969980235
1610612745,HOU,Houston Rockets,22004,51,82,95.07317073170732,42.3780487804878,21.134146341463413,6.865853658536586,4.609756097560975,13.841463414634147,0.4437926829268293,0.36546341463414633,0.7857317073170732,42.08129394309534,8.91870605690466,-8.91870605690466
1610612745,HOU,Houston Rockets,22005,34,82,90.08536585365853,41.63414634146341,19.26829268292683,7.170731707317073,3.902439024390244,14.548780487804878,0.4333658536585366,0.32836585365853654,0.7544756097560975,31.174704851188807,2.8252951488111933,-2.8252951488111933
1610612745,HOU,Houston Rockets,22006,52,82,96.98780487804878,43.329268292682926,20.78048780487805,7.109756097560975,4.109756097560975,14.170731707317072,0.4457682926829268,0.37017073170731707,0.7553414634146342,42.99274590362024,9.00725409637976,-9.00725409637976
1610612745,HOU,Houston Rockets,22007,55,82,96.71951219512195,44.646341463414636,21.426829268292682,7.2926829268292686,5.121951219512195,13.71951219512195,0.44915853658536586,0.338609756097561,0.7249146341463414,45.844394512202655,9.155605487797345,-9.155605487797345
1610612745,HOU,Houston Rockets,22008,53,82,98.41463414634147,42.97560975609756,20.26829268292683,6.682926829268292,4.329268292682927,14.121951219512194,0.4543536585365853,0.37391463414634146,0.8058536585365853,46.4113830621071,6.588616937892901,-6.588616937892901
1610612745,HOU,Houston Rockets,22009,42,82,102.3780487804878,41.97560975609756,21.829268292682926,7.109756097560975,3.8780487804878048,14.487804878048781,0.4483536585365854,0.35178048780487803,0.7742439024390244,30.301318767272363,11.698681232727637,-11.698681232727637
1610612745,HOU,Houston Rockets,22010,43,82,105.91463414634147,42.81707317073171,23.841463414634145,7.085365853658536,4.524390243902439,13.536585365853659,0.4555853658536585,0.3663170731707317,0.8022682926829269,39.5873803128655,3.4126196871345016,-3.4126196871345016
1610612745,HOU,Houston Rockets,22011,34,66,98.0909090909091,42.166666666666664,21.272727272727273,7.515151515151516,4.833333333333333,14.469696969696969,0.4501969696969697,0.361,0.7797878787878788,41.0641208843347,-7.064120884334699,7.064120884334699
1610612745,HOU,Houston Rockets,22013,54,82,107.67073170731707,45.329268292682926,21.402439024390244,7.573170731707317,5.621951219512195,16.134146341463413,0.47353658536585364,0.35659756097560974,0.7139024390243902,44.162148269234514,9.837851730765486,-9.837851730765486
1610612745,HOU,Houston Rockets,22014,56,82,103.92682926829268,43.68292682926829,22.195121951219512,9.475609756097562,4.963414634146342,16.658536585365855,0.44471951219512196,0.34847560975609754,0.7179146341463415,31.50708143385271,24.49291856614729,-24.49291856614729
1610612745,HOU,Houston Rockets,22015,41,82,106.54878048780488,43.0609756097561,22.20731707317073,10.012195121951219,5.2439024390243905,15.939024390243903,0.45249999999999996,0.34806097560975613,0.699560975609756,35.028964583635066,5.971035416364934,-5.971035416364934
1610612745,HOU,Houston Rockets,22016,55,82,115.34146341463415,44.36585365853659,25.24390243902439,8.170731707317072,4.2926829268292686,15.121951219512194,0.463280487804878,0.3561829268292683,0.7647560975609756,32.887699781848234,22.112300218151766,-22.112300218151766
1610612745,HOU,Houston Rockets,22017,65,82,112.35365853658537,43.46341463414634,21.548780487804876,8.524390243902438,4.780487804878049,13.841463414634147,0.46030487804878045,0.3638292682926829,0.7802317073170731,41.13796960195577,23.862030398044233,-23.862030398044233
1610612745,HOU,Houston Rockets,22018,53,82,113.91463414634147,42.0609756097561,21.23170731707317,8.536585365853659,4.939024390243903,13.341463414634147,0.45079268292682934,0.35363414634146345,0.7921463414634147,30.669749805293495,22.330250194706505,-22.330250194706505
1610612745,HOU,Houston Rockets,22019,44,72,117.80555555555556,44.27777777777778,21.625,8.708333333333334,5.152777777777778,14.680555555555555,0.45165277777777774,0.346375,0.79375,28.41318430392398,15.58681569607602,-15.58681569607602
1610612745,HOU,Houston Rockets,22020,17,72,108.79166666666667,42.59722222222222,23.59722222222222,7.583333333333333,5.013888888888889,14.722222222222221,0.4441111111111111,0.33863888888888893,0.7410972222222223,20.519683496040415,-3.5196834960404146,3.5196834960404146
1610612745,HOU,Houston Rockets,22021,20,82,109.71951219512195,42.02439024390244,23.5609756097561,7.317073170731708,4.658536585365853,16.475609756097562,0.4569756097560976,0.34585365853658534,0.712719512195122,17.117806025535607,2.8821939744643927,-2.8821939744643927
1610612745,HOU,Houston Rockets,22022,22,82,110.7439024390244,46.28048780487805,22.378048780487806,7.317073170731708,4.560975609756097,16.24390243902439,0.45720731707317075,0.32314634146341464,0.7520975609756098,28.348648293254616,-6.348648293254616,6.348648293254616
1610612746,LAC,LA Clippers,22015,53,82,104.5,42.048780487804876,22.841463414634145,8.646341463414634,5.609756097560975,12.963414634146341,0.4662073170731707,0.36517073170731706,0.7067682926829268,50.03556384894568,2.964436151054322,-2.964436151054322
1610612746,LAC,LA Clippers,22016,51,82,108.67073170731707,43.02439024390244,22.536585365853657,7.463414634146342,4.2317073170731705,12.951219512195122,0.4763292682926829,0.3736829268292683,0.7488780487804878,51.297205615065366,-0.2972056150653657,0.2972056150653657
1610612746,LAC,LA Clippers,22017,42,82,108.98780487804878,43.8780487804878,22.341463414634145,7.658536585365853,4.536585365853658,14.682926829268293,0.4729634146341464,0.3511585365853659,0.7393170731707317,42.55414411900469,-0.5541441190046896,0.5541441190046896
1610612746,LAC,LA Clippers,22018,48,82,115.14634146341463,45.51219512195122,24.024390243902438,6.841463414634147,4.695121951219512,14.548780487804878,0.47200000000000003,0.38753658536585367,0.7894512195121951,44.77967048971628,3.220329510283719,-3.220329510283719
1610612746,LAC,LA Clippers,22019,49,72,116.34722222222223,47.65277777777778,23.72222222222222,7.097222222222222,4.694444444444445,14.597222222222221,0.4665416666666667,0.36944444444444446,0.7926527777777778,45.224414029495996,3.775585970504004,-3.775585970504004
1610612746,LAC,LA Clippers,22020,47,72,114.01388888888889,44.15277777777778,24.38888888888889,7.069444444444445,4.097222222222222,13.180555555555555,0.4831111111111111,0.41255555555555556,0.8388194444444445,59.35676035573326,-12.356760355733257,12.356760355733257
1610612746,LAC,LA Clippers,22021,42,82,108.41463414634147,43.98780487804878,24.01219512195122,7.414634146341464,4.951219512195122,13.731707317073171,0.458780487804878,0.37303658536585366,0.7897439024390244,43.59396892225157,-1.5939689222515696,1.5939689222515696
1610612746,LAC,LA Clippers,22022,44,82,113.58536585365853,43.23170731707317,23.890243902439025,7.073170731707317,4.439024390243903,14.231707317073171,0.47912195121951223,0.37682926829268293,0.7750853658536586,43.03539606706463,0.9646039329353684,-0.9646039329353684
1610612746,LAC,Los Angeles Clippers,21997,17,82,95.91463414634147,40.4390243902439,18.695121951219512,7.621951219512195,5.560975609756097,16.134146341463413,0.4385,0.3631829268292683,0.7212926829268292,25.353987061065745,-8.353987061065745,8.353987061065745
1610612746,LAC,Los Angeles Clippers,21998,9,50,90.38,39.16,16.4,8.48,4.72,15.92,0.42713999999999996,0.31866,0.73048,18.970016989316516,-9.970016989316516,9.970016989316516
1610612746,LAC,Los Angeles Clippers,21999,15,82,92.02439024390245,40.63414634146341,18.036585365853657,7.048780487804878,6.024390243902439,16.158536585365855,0.42641463414634145,0.3406829268292683,0.7474634146341463,19.284304402831392,-4.284304402831392,4.284304402831392
1610612746,LAC,Los Angeles Clippers,22000,31,82,92.45121951219512,42.9390243902439,19.329268292682926,5.975609756097561,6.2560975609756095,15.768292682926829,0.4494146341463414,0.33495121951219514,0.6925487804878049,32.26349135522167,-1.2634913552216673,1.2634913552216673
1610612746,LAC,Los Angeles Clippers,22001,39,82,95.6829268292683,43.3780487804878,20.902439024390244,6.219512195121951,6.585365853658536,14.804878048780488,0.44745121951219513,0.3494634146341463,0.7389634146341463,37.37198440938028,1.628015590619718,-1.628015590619718
1610612746,LAC,Los Angeles Clippers,22002,27,82,93.8170731707317,42.31707317073171,19.573170731707318,7.0,5.621951219512195,15.74390243902439,0.4380609756097561,0.33057317073170733,0.7477439024390243,27.848451079715005,-0.8484510797150051,0.8484510797150051
1610612746,LAC,Los Angeles Clippers,22003,28,82,94.76829268292683,43.47560975609756,20.158536585365855,7.2439024390243905,4.585365853658536,16.365853658536587,0.42889024390243896,0.31714634146341464,0.7877804878048781,22.65816159670447,5.3418384032955295,-5.3418384032955295
1610612746,LAC,Los Angeles Clippers,22004,37,82,95.71951219512195,41.890243902439025,23.182926829268293,7.304878048780488,5.146341463414634,15.731707317073171,0.46068292682926826,0.34140243902439027,0.7789146341463415,39.79997414602978,-2.7999741460297827,2.7999741460297827
1610612746,LAC,Los Angeles Clippers,22005,47,82,97.1951219512195,43.073170731707314,20.829268292682926,6.512195121951219,6.134146341463414,14.451219512195122,0.4661341463414634,0.34002439024390246,0.7878414634146341,47.65889453963777,-0.658894539637771,0.658894539637771
1610612746,LAC,Los Angeles Clippers,22006,40,82,95.64634146341463,41.1219512195122,21.48780487804878,7.2682926829268295,5.7560975609756095,15.109756097560975,0.4574146341463415,0.3514634146341463,0.7834512195121951,40.49242530043107,-0.4924253004310728,0.4924253004310728
1610612746,LAC,Los Angeles Clippers,22007,23,82,93.8048780487805,40.13414634146341,21.121951219512194,6.7926829268292686,4.853658536585366,14.390243902439025,0.4384390243902439,0.31782926829268293,0.7802926829268293,23.64222420798353,-0.6422242079835314,0.6422242079835314
1610612746,LAC,Los Angeles Clippers,22008,19,82,95.10975609756098,39.84146341463415,21.01219512195122,6.975609756097561,5.878048780487805,14.890243902439025,0.44114634146341464,0.34860975609756095,0.734,25.483647376053796,-6.483647376053796,6.483647376053796
1610612746,LAC,Los Angeles Clippers,22009,29,82,95.71951219512195,41.81707317073171,22.073170731707318,6.487804878048781,5.682926829268292,15.670731707317072,0.4575365853658537,0.32932926829268294,0.7237073170731707,31.1924289275661,-2.1924289275661017,2.1924289275661017
1610612746,LAC,Los Angeles Clippers,22010,32,82,98.64634146341463,42.146341463414636,22.109756097560975,7.134146341463414,4.902439024390244,16.378048780487806,0.45782926829268294,0.3374268292682927,0.7053536585365854,29.110295039072728,2.889704960927272,-2.889704960927272
1610612746,LAC,Los Angeles Clippers,22011,40,66,97.54545454545455,41.56060606060606,20.984848484848484,8.424242424242424,4.7727272727272725,13.318181818181818,0.4557424242424242,0.3519242424242424,0.674409090909091,44.95059009361741,-4.950590093617407,4.950590093617407
1610612746,LAC,Los Angeles Clippers,22013,57,82,107.92682926829268,43.0,24.585365853658537,8.573170731707316,4.841463414634147,13.853658536585366,0.4753658536585366,0.35125609756097564,0.7315609756097561,48.381469120614305,8.618530879385695,-8.618530879385695
1610612746,LAC,Los Angeles Clippers,22014,56,82,106.71951219512195,42.6219512195122,24.76829268292683,7.804878048780488,4.987804878048781,12.341463414634147,0.4735,0.37247560975609756,0.7114512195121951,52.493977849092545,3.506022150907455,-3.506022150907455
1610612747,LAL,Los Angeles Lakers,21997,61,82,105.51219512195122,43.292682926829265,24.5,8.951219512195122,6.780487804878049,15.317073170731707,0.4825,0.35735365853658535,0.6793414634146342,52.48543599417129,8.51456400582871,-8.51456400582871
1610612747,LAL,Los Angeles Lakers,21998,31,50,99.0,42.02,21.9,7.78,5.74,15.08,0.46788,0.33793999999999996,0.68704,41.14480331720268,-10.14480331720268,10.14480331720268
1610612747,LAL,Los Angeles Lakers,21999,67,82,100.8170731707317,47.01219512195122,23.426829268292682,7.475609756097561,6.512195121951219,13.939024390243903,0.4597926829268293,0.3227926829268293,0.6951829268292683,51.005471142504,15.994528857496,-15.994528857496
1610612747,LAL,Los Angeles Lakers,22000,56,82,100.6219512195122,44.73170731707317,23.024390243902438,6.878048780487805,5.975609756097561,14.439024390243903,0.4656951219512195,0.34789024390243906,0.6832560975609756,46.42964805524656,9.57035194475344,-9.57035194475344
1610612747,LAL,Los Angeles Lakers,22001,58,82,101.26829268292683,44.25609756097561,22.951219512195124,7.621951219512195,5.829268292682927,12.682926829268293,0.46141463414634143,0.3521951219512195,0.7050487804878048,52.72418221539854,5.275817784601458,-5.275817784601458
1610612747,LAL,Los Angeles Lakers,22002,50,82,100.36585365853658,44.292682926829265,23.28048780487805,7.7926829268292686,5.7317073170731705,14.536585365853659,0.45314634146341465,0.35804878048780486,0.7361585365853659,45.40209997292558,4.597900027074417,-4.597900027074417
1610612747,LAL,Los Angeles Lakers,22003,56,82,98.1951219512195,43.1219512195122,23.75609756097561,8.317073170731707,4.621951219512195,13.768292682926829,0.454,0.3212439024390244,0.6977926829268293,41.203579934341114,14.796420065658886,-14.796420065658886
1610612747,LAL,Los Angeles Lakers,22004,34,82,98.71951219512195,43.15853658536585,20.390243902439025,6.195121951219512,4.195121951219512,14.341463414634147,0.4378536585365854,0.3561341463414634,0.7781951219512195,30.63280276222889,3.3671972377711086,-3.3671972377711086
1610612747,LAL,Los Angeles Lakers,22005,45,82,99.4390243902439,42.170731707317074,21.146341463414632,7.658536585365853,4.2682926829268295,13.939024390243903,0.4540243902439024,0.3492560975609756,0.7488292682926829,40.61125123929232,4.388748760707678,-4.388748760707678
1610612747,LAL,Los Angeles Lakers,22006,42,82,103.34146341463415,41.23170731707317,22.5609756097561,7.317073170731708,5.134146341463414,15.524390243902438,0.4665975609756098,0.3478780487804878,0.7478414634146342,33.04146383945378,8.958536160546217,-8.958536160546217
1610612747,LAL,Los Angeles Lakers,22007,57,82,108.58536585365853,44.146341463414636,24.426829268292682,7.975609756097561,5.341463414634147,14.097560975609756,0.4779024390243903,0.3805731707317073,0.7736341463414634,56.111363474006936,0.8886365259930642,-0.8886365259930642
1610612747,LAL,Los Angeles Lakers,22008,65,82,106.92682926829268,43.926829268292686,23.26829268292683,8.75609756097561,5.121951219512195,13.451219512195122,0.4748536585365854,0.3653414634146342,0.7679268292682927,58.63573121992233,6.364268780077673,-6.364268780077673
1610612747,LAL,Los Angeles Lakers,22009,57,82,101.6951219512195,44.329268292682926,21.097560975609756,7.463414634146342,4.878048780487805,13.365853658536585,0.45834146341463416,0.3381829268292683,0.7604878048780488,47.530969861890256,9.469030138109744,-9.469030138109744
1610612747,LAL,Los Angeles Lakers,22010,57,82,101.47560975609755,43.96341463414634,21.963414634146343,7.341463414634147,5.146341463414634,13.085365853658537,0.4637195121951219,0.3515609756097561,0.7741341463414634,52.78553354854087,4.214466451459131,-4.214466451459131
1610612747,LAL,Los Angeles Lakers,22011,41,66,97.3030303030303,46.21212121212121,22.5,5.909090909090909,5.318181818181818,15.106060606060606,0.4576212121212121,0.32251515151515153,0.7577424242424243,42.669656163108016,-1.6696561631080158,1.6696561631080158
1610612747,LAL,Los Angeles Lakers,22013,27,82,102.95121951219512,41.03658536585366,24.463414634146343,7.451219512195122,5.439024390243903,15.109756097560975,0.4509268292682927,0.3770731707317073,0.7579512195121951,31.09169764840095,-4.091697648400949,4.091697648400949
1610612747,LAL,Los Angeles Lakers,22014,21,82,98.45121951219512,43.890243902439025,20.914634146341463,7.048780487804878,4.463414634146342,13.24390243902439,0.43564634146341463,0.340280487804878,0.7386829268292683,35.30221781375384,-14.302217813753842,14.302217813753842
1610612747,LAL,Los Angeles Lakers,22015,17,82,97.34146341463415,42.96341463414634,18.024390243902438,7.2317073170731705,4.109756097560975,13.707317073170731,0.4153170731707317,0.3178658536585366,0.7784634146341464,20.153579428497434,-3.1535794284974337,3.1535794284974337
1610612747,LAL,Los Angeles Lakers,22016,26,82,104.57317073170732,43.52439024390244,20.926829268292682,8.21951219512195,3.902439024390244,15.158536585365853,0.45048780487804874,0.3425,0.7553780487804879,33.896781605272594,-7.896781605272594,7.896781605272594
1610612747,LAL,Los Angeles Lakers,22017,35,82,108.07317073170732,46.3780487804878,23.76829268292683,7.719512195121951,4.7317073170731705,15.792682926829269,0.460890243902439,0.3399756097560976,0.718451219512195,38.049639392685584,-3.0496393926855845,3.0496393926855845
1610612747,LAL,Los Angeles Lakers,22018,37,82,111.76829268292683,46.58536585365854,25.5609756097561,7.536585365853658,5.365853658536586,15.658536585365853,0.47102439024390247,0.33117073170731703,0.6976829268292684,37.487271213153385,-0.4872712131533845,0.4872712131533845
1610612747,LAL,Los Angeles Lakers,22019,52,71,113.43661971830986,45.732394366197184,25.3943661971831,8.619718309859154,6.591549295774648,15.169014084507042,0.47911267605633806,0.3477042253521127,0.7284788732394366,48.42865081785045,3.5713491821495467,-3.5713491821495467
1610612747,LAL,Los Angeles Lakers,22020,42,72,109.54166666666667,44.236111111111114,24.65277777777778,7.805555555555555,5.361111111111111,15.208333333333334,0.4720972222222222,0.3534305555555555,0.7384999999999999,41.55202047629823,0.4479795237017683,-0.4479795237017683
1610612747,LAL,Los Angeles Lakers,22021,33,82,112.09756097560975,44.0,24.0,7.634146341463414,5.182926829268292,14.524390243902438,0.4691463414634146,0.3468170731707317,0.7352073170731708,36.894467867919026,-3.894467867919026,3.894467867919026
1610612747,LAL,Los Angeles Lakers,22022,43,82,117.17073170731707,45.707317073170735,25.26829268292683,6.414634146341464,4.609756097560975,14.073170731707316,0.48309756097560974,0.3480365853658537,0.7733536585365853,41.74523768741141,1.2547623125885892,-1.2547623125885892
1610612748,MIA,Miami Heat,21997,55,82,94.96341463414635,42.03658536585366,21.4390243902439,8.109756097560975,5.2317073170731705,14.951219512195122,0.45159756097560977,0.35560975609756096,0.7387073170731707,43.37323596245852,11.626764037541477,-11.626764037541477
1610612748,MIA,Miami Heat,21998,33,50,88.98,40.3,20.38,6.54,6.08,14.88,0.45484,0.36308,0.73398,42.33716596823558,-9.337165968235581,9.337165968235581
1610612748,MIA,Miami Heat,21999,52,82,94.3780487804878,43.170731707317074,23.548780487804876,7.097560975609756,6.390243902439025,15.012195121951219,0.4607073170731707,0.371609756097561,0.7380121951219513,51.01270828206591,0.9872917179340917,-0.9872917179340917
1610612748,MIA,Miami Heat,22000,50,82,88.89024390243902,39.609756097560975,19.878048780487806,7.719512195121951,3.707317073170732,13.682926829268293,0.43075609756097566,0.3446219512195122,0.7543536585365853,32.47627202540231,17.52372797459769,-17.52372797459769
1610612748,MIA,Miami Heat,22001,36,82,87.1951219512195,42.02439024390244,20.29268292682927,6.670731707317073,5.463414634146342,14.841463414634147,0.43996341463414634,0.35890243902439023,0.7267073170731708,40.81340936705288,-4.813409367052877,4.813409367052877
1610612748,MIA,Miami Heat,22002,25,82,85.5609756097561,41.609756097560975,18.304878048780488,7.219512195121951,3.951219512195122,14.231707317073171,0.4139146341463415,0.3151951219512195,0.7647682926829268,25.491111573652365,-0.4911115736523648,0.4911115736523648
1610612748,MIA,Miami Heat,22003,42,82,90.26829268292683,41.451219512195124,19.085365853658537,7.195121951219512,3.817073170731707,13.817073170731707,0.42636585365853663,0.3583170731707317,0.7595731707317073,34.28685370277009,7.713146297229912,-7.713146297229912
1610612748,MIA,Miami Heat,22004,59,82,101.54878048780488,43.0,21.829268292682926,6.439024390243903,5.780487804878049,13.74390243902439,0.4874878048780488,0.37628048780487805,0.6776463414634146,57.23035590606244,1.7696440939375577,-1.7696440939375577
1610612748,MIA,Miami Heat,22005,52,82,99.89024390243902,43.08536585365854,20.634146341463413,6.365853658536586,5.390243902439025,14.463414634146341,0.47915853658536584,0.33558536585365856,0.6956707317073171,46.16453079045112,5.835469209548883,-5.835469209548883
1610612748,MIA,Miami Heat,22006,44,82,94.6219512195122,40.76829268292683,20.5,6.902439024390244,5.390243902439025,14.646341463414634,0.46608536585365856,0.3430853658536585,0.6850121951219512,40.11651168954616,3.883488310453842,-3.883488310453842
1610612748,MIA,Miami Heat,22007,15,82,91.35365853658537,37.6219512195122,20.048780487804876,7.182926829268292,4.329268292682927,14.658536585365853,0.44314634146341464,0.3495853658536585,0.7317560975609756,24.884251363486953,-9.884251363486953,9.884251363486953
1610612748,MIA,Miami Heat,22008,43,82,98.3048780487805,39.5,20.378048780487806,7.939024390243903,5.5,12.512195121951219,0.45687804878048777,0.3581219512195122,0.7492560975609757,44.002834475425935,-1.002834475425935,1.002834475425935
1610612748,MIA,Miami Heat,22009,47,82,96.51219512195122,41.80487804878049,18.878048780487806,7.378048780487805,5.573170731707317,13.158536585365853,0.4593536585365854,0.3420365853658537,0.756219512195122,48.11130656053198,-1.111306560531979,1.111306560531979
1610612748,MIA,Miami Heat,22010,58,82,102.0609756097561,42.146341463414636,19.98780487804878,6.634146341463414,5.2439024390243905,13.926829268292684,0.4811707317073171,0.36735365853658536,0.7670121951219513,53.030380246459565,4.969619753540435,-4.969619753540435
1610612748,MIA,Miami Heat,22011,46,66,98.48484848484848,41.60606060606061,19.954545454545453,8.863636363636363,5.378787878787879,15.181818181818182,0.46959090909090906,0.35248484848484846,0.7723333333333333,51.58185454070087,-5.581854540700867,5.581854540700867
1610612748,MIA,Miami Heat,22013,54,82,102.1951219512195,36.8780487804878,22.524390243902438,8.926829268292684,4.475609756097561,14.78048780487805,0.5018292682926829,0.36415853658536584,0.7634634146341464,52.300608764054246,1.699391235945754,-1.699391235945754
1610612748,MIA,Miami Heat,22014,37,82,94.6829268292683,39.1219512195122,19.829268292682926,7.829268292682927,4.536585365853658,14.804878048780488,0.45670731707317075,0.33585365853658533,0.7419878048780487,33.75129404787419,3.2487059521258104,-3.2487059521258104
1610612748,MIA,Miami Heat,22015,48,82,100.04878048780488,44.1219512195122,20.841463414634145,6.7439024390243905,6.475609756097561,14.085365853658537,0.4719024390243902,0.333109756097561,0.7478780487804878,50.5820156570526,-2.582015657052601,2.582015657052601
1610612748,MIA,Miami Heat,22016,41,82,103.17073170731707,43.6219512195122,21.24390243902439,7.170731707317073,5.719512195121951,13.439024390243903,0.4558414634146341,0.36090243902439023,0.7077926829268293,42.85535843440054,-1.855358434400543,1.855358434400543
1610612748,MIA,Miami Heat,22017,44,82,103.41463414634147,43.46341463414634,22.70731707317073,7.560975609756097,5.329268292682927,14.365853658536585,0.4560243902439024,0.35797560975609755,0.7557682926829268,41.272808914050465,2.727191085949535,-2.727191085949535
1610612748,MIA,Miami Heat,22018,39,82,105.70731707317073,46.34146341463415,24.28048780487805,7.646341463414634,5.463414634146342,14.731707317073171,0.4518536585365854,0.3505731707317073,0.6891951219512196,40.05304303799143,-1.0530430379914293,1.0530430379914293
1610612748,MIA,Miami Heat,22019,44,73,112.04109589041096,44.36986301369863,25.91780821917808,7.493150684931507,4.5479452054794525,14.904109589041095,0.4689178082191781,0.38019178082191785,0.7800684931506849,42.26967570181986,1.7303242981801432,-1.7303242981801432
1610612748,MIA,Miami Heat,22020,40,72,108.06944444444444,41.5,26.319444444444443,7.902777777777778,3.9722222222222223,14.069444444444445,0.4686527777777778,0.35911111111111116,0.7895416666666667,38.906751446814226,1.0932485531857736,-1.0932485531857736
1610612748,MIA,Miami Heat,22021,53,82,110.02439024390245,43.71951219512195,25.48780487804878,7.390243902439025,3.231707317073171,14.560975609756097,0.4680487804878049,0.3785609756097561,0.8125243902439023,43.141010698247534,9.858989301752466,-9.858989301752466
1610612748,MIA,Miami Heat,22022,44,82,109.47560975609755,40.59756097560975,23.841463414634145,7.987804878048781,2.9634146341463414,13.487804878048781,0.4604512195121951,0.34431707317073174,0.8281829268292683,31.60276072745052,12.39723927254948,-12.39723927254948
1610612749,MIL,Milwaukee Bucks,21997,36,82,94.48780487804878,39.890243902439025,20.109756097560975,8.939024390243903,4.353658536585366,16.865853658536587,0.4575853658536585,0.35289024390243906,0.7676951219512195,37.54840483907924,-1.5484048390792395,1.5484048390792395
1610612749,MIL,Milwaukee Bucks,21998,28,50,91.68,38.78,20.6,8.84,4.04,14.38,0.4598,0.37572000000000005,0.7336,48.96896339886144,-20.96896339886144,20.96896339886144
1610612749,MIL,Milwaukee Bucks,21999,42,82,101.21951219512195,41.329268292682926,22.585365853658537,8.182926829268293,4.646341463414634,15.0,0.4651585365853659,0.36,0.787939024390244,43.641714954407725,-1.6417149544077247,1.6417149544077247
1610612749,MIL,Milwaukee Bucks,22000,52,82,100.73170731707317,42.3780487804878,22.48780487804878,8.195121951219512,4.7073170731707314,13.695121951219512,0.4584756097560975,0.3827317073170732,0.7795487804878048,51.892991066101715,0.10700893389828536,-0.10700893389828536
1610612749,MIL,Milwaukee Bucks,22001,41,82,97.51219512195122,41.4390243902439,22.524390243902438,7.2682926829268295,4.7317073170731705,14.109756097560975,0.46269512195121953,0.37576829268292683,0.7455365853658537,47.18118173116141,-6.181181731161409,6.181181731161409
1610612749,MIL,Milwaukee Bucks,22002,42,82,99.48780487804878,39.548780487804876,22.23170731707317,7.585365853658536,4.195121951219512,12.731707317073171,0.45726829268292685,0.381109756097561,0.776280487804878,44.15191258532091,-2.1519125853209076,2.1519125853209076
1610612749,MIL,Milwaukee Bucks,22003,41,82,98.03658536585365,42.21951219512195,22.829268292682926,6.7560975609756095,4.670731707317073,13.426829268292684,0.44864634146341464,0.35009756097560973,0.7740609756097561,38.55605428359219,2.4439457164078107,-2.4439457164078107
1610612749,MIL,Milwaukee Bucks,22004,30,82,97.23170731707317,41.34146341463415,20.975609756097562,6.451219512195122,3.524390243902439,13.804878048780488,0.4515365853658537,0.34847560975609754,0.7684146341463415,34.93187649105677,-4.931876491056769,4.931876491056769
1610612749,MIL,Milwaukee Bucks,22005,40,82,97.8048780487805,41.18292682926829,21.573170731707318,7.280487804878049,3.292682926829268,14.597560975609756,0.4544390243902439,0.38176829268292684,0.7316219512195122,39.422763794594935,0.5772362054050646,-0.5772362054050646
1610612749,MIL,Milwaukee Bucks,22006,28,82,99.65853658536585,39.18292682926829,21.597560975609756,7.158536585365853,2.731707317073171,15.121951219512194,0.465,0.3502560975609756,0.7395731707317074,29.393346379222933,-1.3933463792229333,1.3933463792229333
1610612749,MIL,Milwaukee Bucks,22007,26,82,97.02439024390245,41.68292682926829,21.463414634146343,6.634146341463414,4.402439024390244,14.75609756097561,0.449609756097561,0.3455487804878049,0.7334390243902439,31.07131478355007,-5.0713147835500685,5.0713147835500685
1610612749,MIL,Milwaukee Bucks,22008,34,82,99.29268292682927,40.73170731707317,21.975609756097562,7.426829268292683,3.7560975609756095,14.073170731707316,0.44570731707317074,0.3537560975609756,0.7819146341463415,31.79574193391021,2.204258066089789,-2.204258066089789
1610612749,MIL,Milwaukee Bucks,22009,46,82,97.67073170731707,42.98780487804878,21.21951219512195,7.073170731707317,4.695121951219512,13.231707317073171,0.4367317073170731,0.3572560975609756,0.7477073170731707,37.31451344389657,8.685486556103427,-8.685486556103427
1610612749,MIL,Milwaukee Bucks,22010,35,82,91.8780487804878,40.75609756097561,18.841463414634145,7.524390243902439,4.865853658536586,13.451219512195122,0.43093902439024395,0.341780487804878,0.7580121951219513,33.570734931511105,1.4292650684888955,-1.4292650684888955
1610612749,MIL,Milwaukee Bucks,22011,31,66,99.01515151515152,42.46969696969697,23.484848484848484,8.303030303030303,5.075757575757576,14.075757575757576,0.4433484848484848,0.33915151515151515,0.7785909090909091,37.821220833039234,-6.821220833039234,6.821220833039234
1610612749,MIL,Milwaukee Bucks,22013,15,82,95.47560975609755,41.09756097560975,21.463414634146343,6.597560975609756,4.914634146341464,15.097560975609756,0.439829268292683,0.3565243902439024,0.7448536585365854,26.85485550212931,-11.854855502129311,11.854855502129311
1610612749,MIL,Milwaukee Bucks,22014,41,82,97.84146341463415,42.073170731707314,23.5609756097561,9.621951219512194,4.914634146341464,16.74390243902439,0.46074390243902436,0.3638292682926829,0.7525609756097561,46.053562347444924,-5.053562347444924,5.053562347444924
1610612749,MIL,Milwaukee Bucks,22015,33,82,99.04878048780488,41.670731707317074,23.109756097560975,8.195121951219512,5.7926829268292686,15.207317073170731,0.46745121951219515,0.34486585365853656,0.747,44.298004899362226,-11.298004899362226,11.298004899362226
1610612749,MIL,Milwaukee Bucks,22016,42,82,103.6219512195122,40.390243902439025,24.195121951219512,8.121951219512194,5.317073170731708,13.963414634146341,0.4751585365853659,0.3725,0.7678658536585365,48.19604010432357,-6.196040104323572,6.196040104323572
1610612749,MIL,Milwaukee Bucks,22017,44,82,106.47560975609755,39.84146341463415,23.23170731707317,8.804878048780488,5.402439024390244,13.841463414634147,0.47892682926829266,0.3562682926829268,0.7840731707317072,46.93084203993827,-2.9308420399382697,2.9308420399382697
1610612749,MIL,Milwaukee Bucks,22018,60,82,118.1219512195122,49.73170731707317,26.048780487804876,7.5,5.926829268292683,13.865853658536585,0.47680487804878047,0.3532439024390244,0.7718414634146341,56.36328877233675,3.6367112276632483,-3.6367112276632483
1610612749,MIL,Milwaukee Bucks,22019,56,73,118.67123287671232,51.6986301369863,25.876712328767123,7.205479452054795,5.876712328767123,15.095890410958905,0.47701369863013704,0.35534246575342465,0.7373013698630138,55.24951431630995,0.7504856836900515,-0.7504856836900515
1610612749,MIL,Milwaukee Bucks,22020,46,72,120.125,48.125,25.47222222222222,8.125,4.638888888888889,13.819444444444445,0.4880138888888889,0.38581944444444444,0.7607916666666666,62.005387465258806,-16.005387465258806,16.005387465258806
1610612749,MIL,Milwaukee Bucks,22021,51,82,115.48780487804878,46.707317073170735,23.902439024390244,7.597560975609756,3.975609756097561,13.414634146341463,0.46818292682926826,0.3656341463414634,0.7745,48.55109413251092,2.4489058674890813,-2.4489058674890813
1610612749,MIL,Milwaukee Bucks,22022,58,82,116.9390243902439,48.63414634146341,25.79268292682927,6.353658536585366,4.914634146341464,14.621951219512194,0.47409756097560973,0.36791463414634146,0.7445365853658537,45.98840649940351,12.01159350059649,-12.01159350059649
1610612750,MIN,Minnesota Timberwolves,21997,45,82,101.09756097560975,42.58536585365854,25.21951219512195,7.7926829268292686,5.2073170731707314,13.878048780487806,0.4625731707317073,0.3326951219512195,0.7404878048780488,42.03097374056095,2.9690262594390475,-2.9690262594390475
1610612750,MIN,Minnesota Timberwolves,21998,25,50,92.94,42.92,24.36,8.52,5.44,12.82,0.42618,0.29292,0.73536,32.903040262362914,-7.903040262362914,7.903040262362914
1610612750,MIN,Minnesota Timberwolves,21999,50,82,98.52439024390245,42.52439024390244,26.890243902439025,7.585365853658536,5.414634146341464,13.890243902439025,0.4688170731707317,0.3502560975609756,0.7814268292682927,51.522867040014575,-1.5228670400145745,1.5228670400145745
1610612750,MIN,Minnesota Timberwolves,22000,47,82,97.34146341463415,42.34146341463415,25.402439024390244,8.317073170731707,5.560975609756097,13.853658536585366,0.4587926829268293,0.3555731707317073,0.7839999999999999,51.376913688421546,-4.376913688421546,4.376913688421546
1610612750,MIN,Minnesota Timberwolves,22001,50,82,99.32926829268293,44.15853658536585,24.304878048780488,6.390243902439025,5.2073170731707314,13.378048780487806,0.4627439024390244,0.3878658536585366,0.7981097560975609,56.5827089140882,-6.582708914088201,6.582708914088201
1610612750,MIN,Minnesota Timberwolves,22002,51,82,98.1219512195122,43.573170731707314,25.24390243902439,6.7439024390243905,5.280487804878049,13.707317073170731,0.4661219512195122,0.3620609756097561,0.7672317073170731,52.6389918852881,-1.6389918852880996,1.6389918852880996
1610612750,MIN,Minnesota Timberwolves,22003,58,82,94.54878048780488,42.926829268292686,23.048780487804876,6.841463414634147,5.634146341463414,12.670731707317072,0.462219512195122,0.3616829268292683,0.7836829268292683,58.159912929751336,-0.15991292975133575,0.15991292975133575
1610612750,MIN,Minnesota Timberwolves,22004,44,82,96.7560975609756,43.01219512195122,23.390243902439025,5.609756097560975,5.451219512195122,13.158536585365853,0.46013414634146343,0.34895121951219515,0.7955731707317073,46.19171082485944,-2.1917108248594417,2.1917108248594417
1610612750,MIN,Minnesota Timberwolves,22005,33,82,91.73170731707317,39.426829268292686,20.926829268292682,6.817073170731708,5.7439024390243905,14.5,0.4569512195121951,0.3261707317073171,0.7575731707317074,34.80595421845685,-1.8059542184568471,1.8059542184568471
1610612750,MIN,Minnesota Timberwolves,22006,32,82,96.0609756097561,40.15853658536585,22.536585365853657,6.487804878048781,3.9634146341463414,15.585365853658537,0.46181707317073173,0.35469512195121955,0.7934512195121951,33.91774079868913,-1.917740798689131,1.917740798689131
1610612750,MIN,Minnesota Timberwolves,22007,22,82,95.59756097560975,41.36585365853659,19.878048780487806,7.512195121951219,3.731707317073171,14.487804878048781,0.45202439024390245,0.3454756097560976,0.7361341463414635,37.6531711092652,-15.653171109265202,15.653171109265202
1610612750,MIN,Minnesota Timberwolves,22008,24,82,97.79268292682927,41.670731707317074,20.414634146341463,6.2439024390243905,3.926829268292683,14.207317073170731,0.4421585365853658,0.34712195121951217,0.7720609756097561,28.22718662601408,-4.227186626014081,4.227186626014081
1610612750,MIN,Minnesota Timberwolves,22009,15,82,98.1829268292683,42.90243902439025,19.829268292682926,7.280487804878049,3.731707317073171,16.25609756097561,0.45014634146341465,0.33845121951219515,0.7453414634146341,30.39310331931903,-15.393103319319032,15.393103319319032
1610612750,MIN,Minnesota Timberwolves,22010,17,82,101.07317073170732,44.40243902439025,20.121951219512194,7.219512195121951,5.146341463414634,17.048780487804876,0.44120731707317074,0.37491463414634146,0.7709634146341463,31.57125987039311,-14.57125987039311,14.57125987039311
1610612750,MIN,Minnesota Timberwolves,22011,26,66,97.93939393939394,43.72727272727273,19.545454545454547,6.606060606060606,4.4393939393939394,15.166666666666666,0.4338030303030303,0.32899999999999996,0.7723636363636364,25.571803689996454,0.4281963100035462,-0.4281963100035462
1610612750,MIN,Minnesota Timberwolves,22013,40,82,106.92682926829268,44.73170731707317,23.9390243902439,8.75609756097561,3.6219512195121952,13.926829268292684,0.4458658536585366,0.338219512195122,0.7811341463414634,38.38537515960541,1.6146248403945904,-1.6146248403945904
1610612750,MIN,Minnesota Timberwolves,22014,16,82,97.7560975609756,40.91463414634146,21.597560975609756,8.146341463414634,3.9878048780487805,15.012195121951219,0.4387073170731708,0.32521951219512196,0.7735853658536586,25.161161334006522,-9.161161334006522,9.161161334006522
1610612750,MIN,Minnesota Timberwolves,22015,29,82,102.41463414634147,41.5609756097561,23.365853658536587,8.0,4.573170731707317,15.012195121951219,0.4649268292682927,0.33551219512195124,0.7951341463414633,38.17506714130574,-9.175067141305739,9.175067141305739
1610612750,MIN,Minnesota Timberwolves,22016,31,82,105.57317073170732,42.41463414634146,23.658536585365855,7.975609756097561,4.512195121951219,14.024390243902438,0.4680731707317073,0.34623170731707315,0.7978414634146341,44.12093316655391,-13.120933166553911,13.120933166553911
1610612750,MIN,Minnesota Timberwolves,22017,47,82,109.51219512195122,41.96341463414634,22.695121951219512,8.402439024390244,4.2073170731707314,12.451219512195122,0.4775121951219512,0.35800000000000004,0.8023292682926829,52.95718961892987,-5.957189618929867,5.957189618929867
1610612750,MIN,Minnesota Timberwolves,22018,36,82,112.47560975609755,44.792682926829265,24.609756097560975,8.329268292682928,5.012195121951219,13.097560975609756,0.45720731707317075,0.3553292682926829,0.7866219512195122,43.519905268183024,-7.519905268183024,7.519905268183024
1610612750,MIN,Minnesota Timberwolves,22019,19,64,113.25,44.8125,23.828125,8.671875,5.65625,15.328125,0.44165625,0.3365,0.748078125,23.565057565797716,-4.565057565797716,4.565057565797716
1610612750,MIN,Minnesota Timberwolves,22020,23,72,112.125,43.513888888888886,25.63888888888889,8.777777777777779,5.527777777777778,14.26388888888889,0.4486944444444444,0.3495416666666667,0.7616527777777777,31.023790187932583,-8.023790187932583,8.023790187932583
1610612750,MIN,Minnesota Timberwolves,22021,46,82,115.9390243902439,44.15853658536585,25.682926829268293,8.792682926829269,5.609756097560975,14.329268292682928,0.45813414634146343,0.3593292682926829,0.7762926829268293,35.92365248354842,10.076347516451577,-10.076347516451577
1610612750,MIN,Minnesota Timberwolves,22022,42,82,115.78048780487805,41.890243902439025,26.158536585365855,8.012195121951219,5.414634146341464,15.341463414634147,0.49203658536585365,0.3635121951219512,0.7549146341463414,40.42991036628338,1.57008963371662,-1.57008963371662
1610612751,BKN,Brooklyn Nets,22013,44,82,98.52439024390245,38.146341463414636,20.902439024390244,8.597560975609756,3.792682926829268,14.524390243902438,0.4596219512195122,0.3616341463414634,0.7544024390243902,35.92603956250513,8.073960437494868,-8.073960437494868
1610612751,BKN,Brooklyn Nets,22014,38,82,98.02439024390245,42.353658536585364,20.926829268292682,7.024390243902439,4.146341463414634,13.817073170731707,0.4522682926829268,0.32719512195121947,0.7481219512195122,36.07192010026232,1.928079899737682,-1.928079899737682
1610612751,BKN,Brooklyn Nets,22015,21,82,98.64634146341463,42.40243902439025,22.304878048780488,7.646341463414634,4.048780487804878,14.78048780487805,0.45398780487804874,0.3484390243902439,0.7521341463414634,38.66586272891466,-17.66586272891466,17.66586272891466
1610612751,BKN,Brooklyn Nets,22016,20,82,105.76829268292683,43.90243902439025,21.414634146341463,7.2317073170731705,4.719512195121951,16.536585365853657,0.44541463414634147,0.33720731707317075,0.787280487804878,22.832362940717477,-2.832362940717477,2.832362940717477
1610612751,BKN,Brooklyn Nets,22017,28,82,106.59756097560975,44.4390243902439,23.670731707317074,6.2439024390243905,4.7560975609756095,15.182926829268293,0.44214634146341464,0.355890243902439,0.7791463414634147,24.65951397932941,3.340486020670589,-3.340486020670589
1610612751,BKN,Brooklyn Nets,22018,42,82,112.2439024390244,46.573170731707314,23.829268292682926,6.573170731707317,4.134146341463414,15.073170731707316,0.4496219512195122,0.3527804878048781,0.746719512195122,28.3775562224054,13.6224437775946,-13.6224437775946
1610612751,BKN,Brooklyn Nets,22019,35,72,111.77777777777777,47.90277777777778,24.458333333333332,6.444444444444445,4.486111111111111,15.26388888888889,0.4484444444444444,0.3450972222222222,0.7464999999999999,30.00895894863827,4.99104105136173,-4.99104105136173
1610612751,BKN,Brooklyn Nets,22020,48,72,118.56944444444444,44.43055555555556,26.791666666666668,6.722222222222222,5.263888888888889,13.541666666666666,0.4953888888888889,0.3890277777777778,0.8035833333333333,54.010078180880946,-6.010078180880946,6.010078180880946
1610612751,BKN,Brooklyn Nets,22021,44,82,112.90243902439025,44.390243902439025,25.25609756097561,7.097560975609756,5.463414634146342,14.060975609756097,0.476719512195122,0.3596463414634146,0.8039999999999999,45.58805064299952,-1.5880506429995194,1.5880506429995194
1610612751,BKN,Brooklyn Nets,22022,45,82,113.35365853658537,40.51219512195122,25.524390243902438,7.134146341463414,6.170731707317073,13.74390243902439,0.48848780487804877,0.3801341463414634,0.801109756097561,44.41730641449668,0.5826935855033213,-0.5826935855033213
1610612751,NJN,New Jersey Nets,21997,43,82,99.63414634146342,42.451219512195124,20.548780487804876,9.475609756097562,3.8292682926829267,14.390243902439025,0.4423536585365854,0.3182439024390244,0.7478292682926829,35.45787209417282,7.542127905827179,-7.542127905827179
1610612751,NJN,New Jersey Nets,21998,16,50,91.38,43.04,18.46,9.82,5.46,15.0,0.40716,0.31934,0.76676,29.217518521788428,-13.217518521788428,13.217518521788428
1610612751,NJN,New Jersey Nets,21999,31,82,98.0,40.91463414634146,20.585365853658537,8.78048780487805,4.7926829268292686,13.646341463414634,0.4343048780487805,0.34196341463414637,0.7785243902439024,33.711068536670105,-2.711068536670105,2.711068536670105
1610612751,NJN,New Jersey Nets,22000,26,82,92.09756097560975,39.58536585365854,19.548780487804876,7.914634146341464,4.963414634146342,14.731707317073171,0.4241951219512195,0.3250487804878049,0.7611707317073171,20.276918252459147,5.723081747540853,-5.723081747540853
1610612751,NJN,New Jersey Nets,22001,52,82,96.20731707317073,43.34146341463415,24.26829268292683,8.731707317073171,5.975609756097561,14.5,0.4471707317073171,0.33008536585365855,0.7368780487804878,43.30874919381712,8.691250806182879,-8.691250806182879
1610612751,NJN,New Jersey Nets,22002,49,82,95.36585365853658,42.91463414634146,23.01219512195122,8.74390243902439,4.560975609756097,14.78048780487805,0.4426951219512195,0.33164634146341465,0.7596463414634146,40.042955312010875,8.957044687989125,-8.957044687989125
1610612751,NJN,New Jersey Nets,22003,47,82,90.2560975609756,40.670731707317074,24.5,8.646341463414634,3.926829268292683,14.71951219512195,0.4417926829268292,0.33345121951219514,0.7475,37.15733834806829,9.842661651931707,-9.842661651931707
1610612751,NJN,New Jersey Nets,22004,42,82,91.41463414634147,39.53658536585366,21.609756097560975,7.926829268292683,3.7560975609756095,14.195121951219512,0.4301585365853659,0.35986585365853657,0.7707804878048781,30.7314766889453,11.2685233110547,-11.2685233110547
1610612751,NJN,New Jersey Nets,22005,49,82,93.79268292682927,40.98780487804878,22.975609756097562,6.804878048780488,3.3902439024390243,13.646341463414634,0.4404268292682927,0.32432926829268294,0.7565000000000001,28.635524281385486,20.364475718614514,-20.364475718614514
1610612751,NJN,New Jersey Nets,22006,41,82,97.57317073170732,40.81707317073171,23.926829268292682,6.085365853658536,3.3292682926829267,14.78048780487805,0.4567439024390244,0.35232926829268296,0.7280487804878049,28.78263996944345,12.217360030556549,-12.217360030556549
1610612751,NJN,New Jersey Nets,22007,34,82,95.8170731707317,41.86585365853659,23.475609756097562,6.353658536585366,4.7560975609756095,14.987804878048781,0.4434634146341463,0.34182926829268295,0.7412926829268293,27.07615723258354,6.92384276741646,-6.92384276741646
1610612751,NJN,New Jersey Nets,22008,34,82,98.09756097560975,39.81707317073171,19.951219512195124,6.817073170731708,4.7682926829268295,13.109756097560975,0.44882926829268294,0.374390243902439,0.7785609756097561,37.47140955922654,-3.4714095592265366,3.4714095592265366
1610612751,NJN,New Jersey Nets,22009,12,82,92.3780487804878,39.69512195121951,18.78048780487805,6.987804878048781,4.7926829268292686,14.414634146341463,0.4295975609756097,0.31776829268292683,0.7799390243902439,20.32105139158755,-8.321051391587549,8.321051391587549
1610612751,NJN,New Jersey Nets,22010,24,82,94.17073170731707,40.84146341463415,21.01219512195122,5.585365853658536,4.682926829268292,14.048780487804878,0.4416463414634147,0.3447195121951219,0.7630975609756098,27.0016025256864,-3.001602525686401,3.001602525686401
1610612751,NJN,New Jersey Nets,22011,22,66,93.0909090909091,40.333333333333336,19.863636363636363,7.46969696969697,3.9393939393939394,15.075757575757576,0.4258787878787879,0.3351363636363636,0.7817878787878788,20.989482826186098,1.010517173813902,-1.010517173813902
1610612752,NYK,New York Knicks,21997,43,82,91.57317073170732,41.609756097560975,21.79268292682927,7.7317073170731705,3.3902439024390243,15.207317073170731,0.4472195121951219,0.3405731707317073,0.7693292682926829,38.47077838051293,4.529221619487068,-4.529221619487068
1610612752,NYK,New York Knicks,21998,27,50,86.4,41.22,19.26,7.9,5.24,16.08,0.43566000000000005,0.3478,0.72532,35.70215757998382,-8.702157579983819,8.702157579983819
1610612752,NYK,New York Knicks,21999,50,82,92.13414634146342,40.52439024390244,19.365853658536587,6.280487804878049,4.2560975609756095,14.646341463414634,0.4557926829268293,0.36778048780487804,0.7850853658536585,41.58091648248883,8.419083517511169,-8.419083517511169
1610612752,NYK,New York Knicks,22000,48,82,88.71951219512195,40.207317073170735,18.536585365853657,6.646341463414634,4.219512195121951,14.5,0.44596341463414635,0.3535243902439025,0.7951829268292683,39.42497948468166,8.575020515318343,-8.575020515318343
1610612752,NYK,New York Knicks,22001,30,82,91.63414634146342,40.65853658536585,20.975609756097562,6.804878048780488,3.5121951219512195,14.536585365853659,0.4329390243902439,0.3505609756097561,0.7917439024390244,29.050631549372913,0.9493684506270874,-0.9493684506270874
1610612752,NYK,New York Knicks,22002,37,82,95.85365853658537,39.24390243902439,21.951219512195124,7.060975609756097,3.1097560975609757,14.012195121951219,0.4422560975609756,0.3836219512195122,0.8210243902439024,33.879702409892985,3.1202975901070147,-3.1202975901070147
1610612752,NYK,New York Knicks,22003,39,82,91.97560975609755,42.59756097560975,20.670731707317074,7.414634146341464,4.7682926829268295,15.707317073170731,0.44315853658536586,0.35835365853658535,0.7931341463414635,40.87590834867677,-1.8759083486767665,1.8759083486767665
1610612752,NYK,New York Knicks,22004,33,82,97.28048780487805,40.951219512195124,20.304878048780488,7.670731707317073,3.1707317073170733,14.682926829268293,0.4523658536585366,0.3618170731707317,0.7642682926829268,37.84916132883438,-4.849161328834377,4.849161328834377
1610612752,NYK,New York Knicks,22005,23,82,95.63414634146342,41.390243902439025,17.902439024390244,6.7682926829268295,3.3048780487804876,17.670731707317074,0.45629268292682923,0.3640731707317073,0.7213414634146341,28.159787957195174,-5.159787957195174,5.159787957195174
1610612752,NYK,New York Knicks,22006,33,82,97.48780487804878,43.26829268292683,18.682926829268293,6.621951219512195,3.1707317073170733,17.134146341463413,0.4582439024390244,0.33949999999999997,0.7149024390243902,29.75810234119758,3.2418976588024186,-3.2418976588024186
1610612752,NYK,New York Knicks,22007,23,82,96.92682926829268,42.51219512195122,18.658536585365855,6.353658536585366,2.597560975609756,14.475609756097562,0.44003658536585366,0.33689024390243905,0.7258780487804878,26.123859776318685,-3.1238597763186853,3.1238597763186853
1610612752,NYK,New York Knicks,22008,32,82,105.20731707317073,42.146341463414636,21.195121951219512,7.439024390243903,2.4878048780487805,14.317073170731707,0.4457926829268293,0.35996341463414633,0.7884024390243902,29.23400019033201,2.7659998096679885,-2.7659998096679885
1610612752,NYK,New York Knicks,22009,29,82,102.10975609756098,40.40243902439025,21.609756097560975,7.146341463414634,3.7195121951219514,14.0,0.4552073170731707,0.3458658536585366,0.7848048780487805,30.83839487953235,-1.8383948795323484,1.8383948795323484
1610612752,NYK,New York Knicks,22010,42,82,106.51219512195122,40.451219512195124,21.426829268292682,7.621951219512195,5.7926829268292686,13.695121951219512,0.45856097560975606,0.36552439024390243,0.8084146341463415,36.521284191231544,5.478715808768456,-5.478715808768456
1610612752,NYK,New York Knicks,22011,36,66,97.84848484848484,41.74242424242424,20.12121212121212,9.424242424242424,4.181818181818182,16.0,0.4433484848484848,0.3285151515151515,0.7402121212121212,31.54478972273978,4.455210277260221,-4.455210277260221
1610612752,NYK,New York Knicks,22013,37,82,98.58536585365853,40.329268292682926,20.01219512195122,7.695121951219512,4.475609756097561,12.963414634146341,0.450609756097561,0.3689390243902439,0.7599268292682927,41.72956216311131,-4.729562163111311,4.729562163111311
1610612752,NYK,New York Knicks,22014,17,82,91.89024390243902,40.36585365853659,21.29268292682927,7.012195121951219,4.658536585365853,14.707317073170731,0.4298170731707317,0.3532682926829268,0.7671341463414634,26.515277514514672,-9.515277514514672,9.515277514514672
1610612752,NYK,New York Knicks,22015,32,82,98.35365853658537,44.36585365853659,20.51219512195122,5.695121951219512,5.682926829268292,13.402439024390244,0.44009756097560976,0.34296341463414637,0.8104024390243902,37.61000307627534,-5.610003076275341,5.610003076275341
1610612752,NYK,New York Knicks,22016,31,82,104.34146341463415,45.19512195121951,21.78048780487805,7.085365853658536,5.548780487804878,13.890243902439025,0.44826829268292684,0.34887804878048784,0.7863780487804879,41.29735270433644,-10.29735270433644,10.29735270433644
1610612752,NYK,New York Knicks,22017,29,82,104.46341463414635,44.03658536585366,23.317073170731707,6.7317073170731705,5.134146341463414,14.731707317073171,0.4647439024390244,0.3525853658536585,0.7868170731707318,42.061318163645524,-13.061318163645524,13.061318163645524
1610612752,NYK,New York Knicks,22018,17,82,104.57317073170732,44.73170731707317,20.073170731707318,6.7926829268292686,5.146341463414634,14.036585365853659,0.4334878048780488,0.3391463414634146,0.7600121951219512,27.26155568724711,-10.26155568724711,10.26155568724711
1610612752,NYK,New York Knicks,22019,21,66,105.8030303030303,46.5,22.060606060606062,7.636363636363637,4.742424242424242,14.333333333333334,0.4474393939393939,0.3382727272727273,0.6968787878787879,37.83245896110162,-16.832458961101622,16.832458961101622
1610612752,NYK,New York Knicks,22020,41,72,107.02777777777777,45.138888888888886,21.40277777777778,7.041666666666667,5.069444444444445,12.944444444444445,0.4567083333333334,0.3912777777777778,0.7859166666666666,52.48852760796921,-11.48852760796921,11.48852760796921
1610612752,NYK,New York Knicks,22021,37,82,106.47560975609755,46.1219512195122,21.865853658536587,6.951219512195122,4.865853658536586,13.25609756097561,0.43697560975609756,0.35668292682926833,0.7431951219512195,36.21527768002703,0.7847223199729711,-0.7847223199729711
1610612752,NYK,New York Knicks,22022,47,82,116.02439024390245,46.59756097560975,22.926829268292682,6.426829268292683,4.146341463414634,12.987804878048781,0.4710731707317073,0.3538414634146341,0.7587926829268293,43.79087964769341,3.2091203523065914,-3.2091203523065914
1610612753,ORL,Orlando Magic,21997,41,82,90.08536585365853,41.23170731707317,20.658536585365855,7.914634146341464,5.378048780487805,15.341463414634147,0.42956097560975615,0.3149268292682927,0.7289390243902438,25.477028699662327,15.522971300337673,-15.522971300337673
1610612753,ORL,Orlando Magic,21998,33,50,89.46,42.66,21.34,9.92,4.26,16.38,0.42944000000000004,0.3336,0.70254,35.93719115823226,-2.9371911582322596,2.9371911582322596
1610612753,ORL,Orlando Magic,21999,41,82,100.07317073170732,44.9390243902439,20.841463414634145,9.060975609756097,5.695121951219512,17.597560975609756,0.4535365853658536,0.34282926829268295,0.7302926829268293,40.07953967466814,0.9204603253318595,-0.9204603253318595
1610612753,ORL,Orlando Magic,22000,43,82,97.46341463414635,42.91463414634146,21.98780487804878,8.21951219512195,5.865853658536586,15.182926829268293,0.4396829268292683,0.3649512195121951,0.718048780487805,37.24997651749414,5.75002348250586,-5.75002348250586
1610612753,ORL,Orlando Magic,22001,44,82,100.48780487804878,41.24390243902439,22.0,8.109756097560975,4.682926829268292,13.634146341463415,0.45007317073170733,0.377109756097561,0.750780487804878,41.92104428367549,2.078955716324508,-2.078955716324508
1610612753,ORL,Orlando Magic,22002,42,82,98.51219512195122,40.853658536585364,20.4390243902439,8.487804878048781,3.658536585365854,14.353658536585366,0.4370365853658537,0.3594390243902439,0.7782439024390244,32.72738870322657,9.272611296773427,-9.272611296773427
1610612753,ORL,Orlando Magic,22003,21,82,94.03658536585365,40.890243902439025,19.317073170731707,6.670731707317073,3.7560975609756095,13.585365853658537,0.4296463414634146,0.341780487804878,0.7356463414634147,24.997424888253615,-3.997424888253615,3.997424888253615
1610612753,ORL,Orlando Magic,22004,36,82,99.51219512195122,43.68292682926829,19.304878048780488,7.719512195121951,5.378048780487805,16.121951219512194,0.45589024390243904,0.34051219512195124,0.7567317073170732,38.860806190509656,-2.8608061905096562,2.8608061905096562
1610612753,ORL,Orlando Magic,22005,36,82,94.92682926829268,40.170731707317074,18.23170731707317,6.487804878048781,4.414634146341464,15.121951219512194,0.47342682926829266,0.37541463414634146,0.7310609756097561,45.571992605665535,-9.571992605665535,9.571992605665535
1610612753,ORL,Orlando Magic,22006,40,82,94.76829268292683,40.707317073170735,18.597560975609756,6.890243902439025,5.073170731707317,16.975609756097562,0.47353658536585364,0.3458414634146342,0.7040853658536586,36.9580478138337,3.0419521861662986,-3.0419521861662986
1610612753,ORL,Orlando Magic,22007,52,82,104.47560975609755,42.01219512195122,20.804878048780488,6.341463414634147,4.060975609756097,14.304878048780488,0.4750365853658537,0.38937804878048776,0.7245121951219512,44.6420980548063,7.357901945193703,-7.357901945193703
1610612753,ORL,Orlando Magic,22008,59,82,101.04878048780488,43.25609756097561,19.426829268292682,6.951219512195122,5.353658536585366,13.926829268292684,0.45664634146341465,0.3767317073170732,0.7186219512195122,45.15782434562412,13.842175654375879,-13.842175654375879
1610612753,ORL,Orlando Magic,22009,59,82,102.7560975609756,43.24390243902439,19.695121951219512,6.2439024390243905,5.560975609756097,14.085365853658537,0.47020731707317076,0.37715853658536586,0.7189756097560976,47.340404712993795,11.659595287006205,-11.659595287006205
1610612753,ORL,Orlando Magic,22010,52,82,99.20731707317073,43.207317073170735,19.951219512195124,6.682926829268292,4.682926829268292,14.926829268292684,0.4613414634146341,0.3613048780487805,0.699560975609756,41.109703314776915,10.890296685223085,-10.890296685223085
1610612753,ORL,Orlando Magic,22011,37,66,94.16666666666667,42.45454545454545,20.015151515151516,6.833333333333333,4.166666666666667,14.909090909090908,0.4405,0.37366666666666665,0.6581060606060607,33.60903199404384,3.390968005956161,-3.390968005956161
1610612753,ORL,Orlando Magic,22013,23,82,96.51219512195122,42.048780487804876,21.048780487804876,7.682926829268292,4.2682926829268295,14.902439024390244,0.4460243902439024,0.35365853658536583,0.7645243902439025,37.177002002764695,-14.177002002764695,14.177002002764695
1610612753,ORL,Orlando Magic,22014,25,82,95.6951219512195,41.81707317073171,20.634146341463413,7.890243902439025,3.8292682926829267,14.890243902439025,0.45359756097560977,0.34786585365853656,0.7363536585365854,40.160135065671284,-15.160135065671284,15.160135065671284
1610612753,ORL,Orlando Magic,22015,35,82,102.0609756097561,43.31707317073171,23.573170731707318,8.207317073170731,5.085365853658536,14.085365853658537,0.45673170731707313,0.3497560975609756,0.7581585365853658,44.7680440781916,-9.7680440781916,9.7680440781916
1610612753,ORL,Orlando Magic,22016,29,82,101.07317073170732,43.18292682926829,22.195121951219512,7.073170731707317,4.829268292682927,13.304878048780488,0.44004878048780494,0.32870731707317075,0.7483780487804877,30.873532790903532,-1.873532790903532,1.873532790903532
1610612753,ORL,Orlando Magic,22017,25,82,103.40243902439025,41.63414634146341,23.426829268292682,7.585365853658536,4.878048780487805,14.536585365853659,0.45296341463414636,0.3480121951219512,0.7618658536585365,31.54058818474037,-6.540588184740368,6.540588184740368
1610612753,ORL,Orlando Magic,22018,42,82,107.3170731707317,45.41463414634146,25.548780487804876,6.621951219512195,5.426829268292683,13.195121951219512,0.4542926829268293,0.35691463414634145,0.7820243902439025,42.502035336581635,-0.5020353365816348,0.5020353365816348
1610612753,ORL,Orlando Magic,22019,33,73,107.27397260273973,44.50684931506849,23.931506849315067,8.205479452054794,5.424657534246576,12.835616438356164,0.4444657534246575,0.3424657534246575,0.7665753424657534,39.56939270894559,-6.569392708945593,6.569392708945593
1610612753,ORL,Orlando Magic,22020,21,72,104.0,45.44444444444444,21.819444444444443,6.888888888888889,4.416666666666667,12.833333333333334,0.42919444444444443,0.33902777777777776,0.7758333333333334,32.117485182779255,-11.117485182779255,11.117485182779255
1610612753,ORL,Orlando Magic,22021,22,82,104.23170731707317,44.28048780487805,23.74390243902439,6.7682926829268295,4.475609756097561,14.487804878048781,0.43403658536585366,0.3298048780487805,0.7877560975609756,22.985723619209846,-0.9857236192098462,0.9857236192098462
1610612753,ORL,Orlando Magic,22022,34,82,111.41463414634147,43.24390243902439,23.24390243902439,7.353658536585366,4.658536585365853,15.073170731707316,0.4714512195121951,0.34807317073170735,0.7846341463414634,35.54884102164345,-1.5488410216434474,1.5488410216434474
1610612754,IND,Indiana Pacers,21997,58,82,96.02439024390245,39.292682926829265,23.036585365853657,7.865853658536586,4.487804878048781,14.24390243902439,0.47085365853658534,0.38964634146341465,0.7628780487804878,51.30038699208376,6.699613007916241,-6.699613007916241
1610612754,IND,Indiana Pacers,21998,33,50,94.66,40.52,20.1,6.32,4.46,12.98,0.449,0.36456000000000005,0.7943000000000001,40.91051251368564,-7.910512513685639,7.910512513685639
1610612754,IND,Indiana Pacers,21999,56,82,101.29268292682927,42.1219512195122,22.646341463414632,6.817073170731708,5.146341463414634,14.134146341463415,0.4599756097560976,0.39239024390243904,0.8137195121951218,47.30542383604403,8.694576163955972,-8.694576163955972
1610612754,IND,Indiana Pacers,22000,41,82,92.57317073170732,42.8780487804878,21.5,6.865853658536586,5.939024390243903,15.170731707317072,0.4406463414634147,0.3405975609756097,0.7683292682926829,36.10279122373959,4.897208776260413,-4.897208776260413
1610612754,IND,Indiana Pacers,22001,42,82,96.8048780487805,42.65853658536585,22.975609756097562,8.024390243902438,5.317073170731708,15.231707317073171,0.4481707317073171,0.34254878048780485,0.7686341463414634,38.732497509848706,3.267502490151294,-3.267502490151294
1610612754,IND,Indiana Pacers,22002,48,82,96.82926829268293,44.21951219512195,23.29268292682927,8.487804878048781,5.402439024390244,14.75609756097561,0.4415609756097561,0.3333536585365854,0.7654024390243902,41.875736631216874,6.124263368783126,-6.124263368783126
1610612754,IND,Indiana Pacers,22003,61,82,91.3780487804878,41.670731707317074,21.634146341463413,8.853658536585366,5.012195121951219,14.317073170731707,0.43576829268292677,0.347109756097561,0.758939024390244,42.18635678014348,18.813643219856523,-18.813643219856523
1610612754,IND,Indiana Pacers,22004,44,82,93.0,40.073170731707314,18.158536585365855,7.5,4.353658536585366,14.304878048780488,0.4334878048780488,0.3481829268292683,0.7900975609756097,30.578184229829628,13.421815770170372,-13.421815770170372
1610612754,IND,Indiana Pacers,22005,41,82,93.89024390243902,42.15853658536585,19.890243902439025,7.2926829268292686,4.987804878048781,15.292682926829269,0.44521951219512196,0.34582926829268296,0.7385121951219512,35.56629717896534,5.433702821034657,-5.433702821034657
1610612754,IND,Indiana Pacers,22006,35,82,95.60975609756098,41.84146341463415,20.48780487804878,7.304878048780488,5.451219512195122,16.28048780487805,0.43929268292682927,0.3373414634146341,0.756390243902439,25.392730254419828,9.607269745580172,-9.607269745580172
1610612754,IND,Indiana Pacers,22007,36,82,103.98780487804878,43.13414634146341,22.73170731707317,7.597560975609756,5.024390243902439,15.073170731707316,0.44406097560975605,0.3767439024390244,0.7670975609756098,33.86965877697701,2.130341223022988,-2.130341223022988
1610612754,IND,Indiana Pacers,22008,36,82,105.08536585365853,43.71951219512195,21.646341463414632,6.987804878048781,5.2926829268292686,14.5,0.4559390243902439,0.38128048780487805,0.8040121951219512,43.28975534601315,-7.289755346013152,7.289755346013152
1610612754,IND,Indiana Pacers,22009,32,82,100.76829268292683,41.5,21.097560975609756,7.134146341463414,5.353658536585366,15.024390243902438,0.44306097560975616,0.34689024390243905,0.7769146341463414,26.49356929913944,5.506430700860559,-5.506430700860559
1610612754,IND,Indiana Pacers,22010,37,82,99.79268292682927,43.548780487804876,19.646341463414632,7.121951219512195,5.560975609756097,15.390243902439025,0.44413414634146337,0.34985365853658534,0.7782317073170731,34.26487932653222,2.735120673467783,-2.735120673467783
1610612754,IND,Indiana Pacers,22011,42,66,97.71212121212122,43.878787878787875,18.606060606060606,7.924242424242424,5.409090909090909,14.015151515151516,0.438969696969697,0.3670151515151515,0.7822272727272728,46.14197533532637,-4.1419753353263715,4.1419753353263715
1610612754,IND,Indiana Pacers,22013,56,82,96.7439024390244,44.69512195121951,20.134146341463413,6.7073170731707314,5.439024390243903,15.085365853658537,0.45003658536585367,0.3563170731707317,0.7791341463414635,44.80680810759868,11.193191892401323,-11.193191892401323
1610612754,IND,Indiana Pacers,22014,38,82,97.32926829268293,44.853658536585364,21.426829268292682,6.158536585365853,4.573170731707317,13.987804878048781,0.4406463414634147,0.3521341463414634,0.7579146341463415,38.64567244347016,-0.6456724434701613,0.6456724434701613
1610612754,IND,Indiana Pacers,22015,45,82,102.15853658536585,44.21951219512195,21.23170731707317,9.048780487804878,4.7682926829268295,14.865853658536585,0.4507317073170732,0.3488292682926829,0.7633292682926829,45.26221570008767,-0.2622157000876726,0.2622157000876726
1610612754,IND,Indiana Pacers,22016,42,82,105.09756097560975,42.0,22.48780487804878,8.158536585365853,4.987804878048781,13.78048780487805,0.46591463414634143,0.37153658536585366,0.8060487804878049,48.87791565716047,-6.877915657160472,6.877915657160472
1610612754,IND,Indiana Pacers,22017,48,82,105.5609756097561,42.34146341463415,22.182926829268293,8.792682926829269,4.146341463414634,13.268292682926829,0.47307317073170735,0.3657682926829268,0.7814512195121951,55.32822835465137,-7.3282283546513725,7.3282283546513725
1610612754,IND,Indiana Pacers,22018,48,82,108.01219512195122,43.02439024390244,25.951219512195124,8.695121951219512,4.926829268292683,13.682926829268293,0.47619512195121955,0.3723658536585366,0.751609756097561,53.833435049464384,-5.833435049464384,5.833435049464384
1610612754,IND,Indiana Pacers,22019,45,73,109.43835616438356,42.80821917808219,25.863013698630137,7.438356164383562,5.1506849315068495,13.246575342465754,0.47783561643835615,0.3623835616438356,0.7831369863013699,48.756093688586155,-3.756093688586155,3.756093688586155
1610612754,IND,Indiana Pacers,22020,34,72,115.30555555555556,42.666666666666664,27.40277777777778,8.48611111111111,6.388888888888889,13.541666666666666,0.4754027777777778,0.36469444444444443,0.7906527777777778,44.64922666214824,-10.649226662148237,10.649226662148237
1610612754,IND,Indiana Pacers,22021,25,82,111.46341463414635,43.853658536585364,25.378048780487806,7.097560975609756,5.573170731707317,14.426829268292684,0.4637317073170732,0.3444878048780488,0.7714878048780488,33.361664525183535,-8.361664525183535,8.361664525183535
1610612754,IND,Indiana Pacers,22022,35,82,116.28048780487805,41.548780487804876,26.98780487804878,7.695121951219512,5.829268292682927,14.926829268292684,0.4699146341463415,0.3659512195121951,0.7890121951219512,28.67754505152255,6.32245494847745,-6.32245494847745
1610612755,PHI,Philadelphia 76ers,21997,31,82,93.3048780487805,41.69512195121951,21.085365853658537,8.890243902439025,5.975609756097561,16.536585365853657,0.4430243902439025,0.290320987654321,0.7344024390243902,26.927726198328134,4.072273801671866,-4.072273801671866
1610612755,PHI,Philadelphia 76ers,21998,28,50,89.66,43.14,18.68,10.84,5.42,16.44,0.42707999999999996,0.27405999999999997,0.7224200000000001,32.25510345781881,-4.255103457818812,4.255103457818812
1610612755,PHI,Philadelphia 76ers,21999,49,82,94.76829268292683,44.08536585365854,22.158536585365855,9.646341463414634,4.7073170731707314,15.658536585365853,0.4427926829268292,0.30696341463414634,0.7078658536585366,39.17623863688311,9.823761363116887,-9.823761363116887
1610612755,PHI,Philadelphia 76ers,22000,56,82,94.67073170731707,44.81707317073171,20.634146341463413,8.414634146341463,4.975609756097561,15.75609756097561,0.44834146341463416,0.31871951219512196,0.7524756097560976,43.56932283200668,12.430677167993323,-12.430677167993323
1610612755,PHI,Philadelphia 76ers,22001,43,82,90.98780487804878,44.21951219512195,19.975609756097562,8.597560975609756,4.426829268292683,15.317073170731707,0.43635365853658536,0.2994024390243903,0.7793414634146342,39.43143865997757,3.568561340022427,-3.568561340022427
1610612755,PHI,Philadelphia 76ers,22002,48,82,96.84146341463415,42.15853658536585,21.597560975609756,10.292682926829269,3.4634146341463414,14.78048780487805,0.4493414634146341,0.31508536585365854,0.7695731707317073,43.35698599958819,4.64301400041181,-4.64301400041181
1610612755,PHI,Philadelphia 76ers,22003,33,82,87.98780487804878,40.84146341463415,20.0,7.975609756097561,4.365853658536586,15.829268292682928,0.42968292682926834,0.33517073170731704,0.7519268292682927,28.87665408629681,4.12334591370319,-4.12334591370319
1610612755,PHI,Philadelphia 76ers,22004,43,82,99.1219512195122,42.01219512195122,20.853658536585368,9.21951219512195,3.9146341463414633,15.536585365853659,0.4376829268292683,0.35132926829268296,0.7876463414634147,33.869661875574444,9.130338124425556,-9.130338124425556
1610612755,PHI,Philadelphia 76ers,22005,38,82,99.35365853658537,40.21951219512195,20.158536585365855,7.939024390243903,4.926829268292683,14.134146341463415,0.4597317073170732,0.36028048780487804,0.7558414634146341,41.04385384174796,-3.0438538417479606,3.0438538417479606
1610612755,PHI,Philadelphia 76ers,22006,35,82,94.9390243902439,39.65853658536585,20.353658536585368,7.195121951219512,4.7560975609756095,15.341463414634147,0.4586341463414635,0.3374268292682927,0.7671341463414634,32.96611138840287,2.0338886115971277,-2.0338886115971277
1610612755,PHI,Philadelphia 76ers,22007,40,82,96.6219512195122,41.91463414634146,20.402439024390244,8.682926829268293,4.878048780487805,14.292682926829269,0.4605,0.3226341463414634,0.7014756097560976,43.918434133992974,-3.9184341339929745,3.9184341339929745
1610612755,PHI,Philadelphia 76ers,22008,41,82,97.40243902439025,41.15853658536585,20.085365853658537,8.024390243902438,5.060975609756097,14.109756097560975,0.46084146341463417,0.3134512195121951,0.743390243902439,39.309068374037075,1.690931625962925,-1.690931625962925
1610612755,PHI,Philadelphia 76ers,22009,27,82,97.73170731707317,41.0,21.01219512195122,8.134146341463415,5.353658536585366,14.536585365853659,0.46184146341463417,0.34130487804878046,0.7502073170731707,42.6155676607348,-15.615567660734797,15.615567660734797
1610612755,PHI,Philadelphia 76ers,22010,41,82,99.01219512195122,41.80487804878049,22.695121951219512,7.573170731707317,4.329268292682927,12.963414634146341,0.4626219512195122,0.35193902439024394,0.772890243902439,48.90226747576562,-7.902267475765619,7.902267475765619
1610612755,PHI,Philadelphia 76ers,22011,35,66,93.63636363636364,43.15151515151515,22.015151515151516,7.96969696969697,5.151515151515151,11.181818181818182,0.4489090909090909,0.3530606060606061,0.7417272727272728,59.357114271675755,-24.357114271675755,24.357114271675755
1610612755,PHI,Philadelphia 76ers,22013,19,82,99.45121951219512,42.74390243902439,21.841463414634145,9.329268292682928,4.024390243902439,16.878048780487806,0.43674390243902445,0.3126951219512195,0.7074634146341463,21.161892196754426,-2.161892196754426,2.161892196754426
1610612755,PHI,Philadelphia 76ers,22014,18,82,91.97560975609755,42.853658536585364,20.524390243902438,9.621951219512194,5.939024390243903,17.71951219512195,0.40901219512195125,0.3149878048780488,0.6778536585365854,13.794133955790901,4.205866044209099,-4.205866044209099
1610612755,PHI,Philadelphia 76ers,22015,10,82,97.41463414634147,41.24390243902439,21.524390243902438,8.292682926829269,6.036585365853658,16.378048780487806,0.43267073170731707,0.33743902439024387,0.697670731707317,19.245662993096484,-9.245662993096484,9.245662993096484
1610612755,PHI,Philadelphia 76ers,22016,28,82,102.4390243902439,42.84146341463415,23.76829268292683,8.439024390243903,5.121951219512195,16.658536585365855,0.44298780487804884,0.34002439024390246,0.7655975609756097,25.692911679099605,2.3070883209003945,-2.3070883209003945
1610612755,PHI,Philadelphia 76ers,22017,52,82,109.8048780487805,47.426829268292686,27.085365853658537,8.317073170731707,5.121951219512195,16.5,0.4724634146341463,0.366890243902439,0.7592682926829268,50.97582243847884,1.0241775615211566,-1.0241775615211566
1610612755,PHI,Philadelphia 76ers,22018,51,82,115.1829268292683,47.76829268292683,26.914634146341463,7.390243902439025,5.2682926829268295,14.914634146341463,0.4719024390243902,0.3589390243902439,0.771109756097561,46.875249493720865,4.124750506279135,-4.124750506279135
1610612755,PHI,Philadelphia 76ers,22019,43,73,110.73972602739725,45.43835616438356,25.80821917808219,8.027397260273972,5.328767123287672,14.205479452054794,0.468013698630137,0.3667808219178082,0.7484246575342466,48.3962420816009,-5.396242081600903,5.396242081600903
1610612755,PHI,Philadelphia 76ers,22020,49,72,113.63888888888889,45.05555555555556,23.694444444444443,9.097222222222221,6.208333333333333,14.444444444444445,0.4768472222222222,0.376,0.7674583333333334,55.755045582595926,-6.755045582595926,6.755045582595926
1610612755,PHI,Philadelphia 76ers,22021,51,82,109.9390243902439,42.31707317073171,23.71951219512195,7.719512195121951,5.304878048780488,12.524390243902438,0.4670975609756097,0.36385365853658536,0.8169756097560976,46.824452260553834,4.175547739446166,-4.175547739446166
1610612755,PHI,Philadelphia 76ers,22022,54,82,115.21951219512195,40.926829268292686,25.158536585365855,7.7439024390243905,4.7439024390243905,13.670731707317072,0.4876951219512195,0.38501219512195123,0.8349756097560976,47.1561871753107,6.8438128246893015,-6.8438128246893015
1610612756,PHX,Phoenix Suns,21997,56,82,99.58536585365853,41.98780487804878,25.902439024390244,9.21951219512195,5.2317073170731705,15.073170731707316,0.46969512195121954,0.36040243902439023,0.746780487804878,51.89381315630609,4.106186843693912,-4.106186843693912
1610612756,PHX,Phoenix Suns,21998,27,50,95.58,40.32,24.98,8.88,4.0,13.62,0.45112,0.37944,0.77008,48.28859732463469,-21.288597324634686,21.288597324634686
1610612756,PHX,Phoenix Suns,21999,53,82,98.91463414634147,43.65853658536585,25.585365853658537,9.073170731707316,5.280487804878049,16.682926829268293,0.4580487804878049,0.3680609756097561,0.7587195121951219,46.88101212468275,6.118987875317252,-6.118987875317252
1610612756,PHX,Phoenix Suns,22000,51,82,94.02439024390245,42.670731707317074,23.23170731707317,9.451219512195122,5.2317073170731705,15.25609756097561,0.4374024390243902,0.30967073170731707,0.7518292682926829,35.64452583834132,15.355474161658677,-15.355474161658677
1610612756,PHX,Phoenix Suns,22001,36,82,95.14634146341463,42.707317073170735,22.414634146341463,8.146341463414634,4.890243902439025,14.695121951219512,0.44843902439024386,0.32346341463414635,0.7643536585365853,39.95835166313138,-3.9583516631313813,3.9583516631313813
1610612756,PHX,Phoenix Suns,22002,44,82,95.53658536585365,42.548780487804876,20.963414634146343,8.109756097560975,4.926829268292683,14.731707317073171,0.445329268292683,0.33797560975609753,0.7469634146341463,39.06637550189738,4.933624498102617,-4.933624498102617
1610612756,PHX,Phoenix Suns,22003,29,82,94.1829268292683,40.609756097560975,19.341463414634145,8.951219512195122,4.670731707317073,15.207317073170731,0.4444634146341463,0.3400487804878049,0.7432926829268293,36.28692898031255,-7.2869289803125525,7.2869289803125525
1610612756,PHX,Phoenix Suns,22004,62,82,110.41463414634147,44.13414634146341,23.5,6.975609756097561,5.524390243902439,13.71951219512195,0.4784024390243902,0.3910731707317073,0.7460853658536586,52.47390404806744,9.526095951932561,-9.526095951932561
1610612756,PHX,Phoenix Suns,22005,54,82,108.36585365853658,41.80487804878049,26.573170731707318,6.695121951219512,5.024390243902439,13.268292682926829,0.47969512195121955,0.397280487804878,0.8065365853658536,51.06114934132967,2.938850658670333,-2.938850658670333
1610612756,PHX,Phoenix Suns,22006,61,82,110.20731707317073,40.48780487804878,25.878048780487806,6.7439024390243905,4.804878048780488,14.5,0.49530487804878054,0.40082926829268295,0.8026829268292682,49.68549188256258,11.31450811743742,-11.31450811743742
1610612756,PHX,Phoenix Suns,22007,55,82,110.07317073170732,41.5,26.682926829268293,6.487804878048781,6.317073170731708,14.439024390243903,0.5007317073170732,0.38732926829268294,0.7872073170731707,53.1936598741494,1.8063401258506033,-1.8063401258506033
1610612756,PHX,Phoenix Suns,22008,46,82,109.4390243902439,41.707317073170735,23.23170731707317,7.182926829268292,5.121951219512195,15.707317073170731,0.5043780487804879,0.38495121951219513,0.7418414634146342,52.68575005498765,-6.6857500549876505,6.6857500549876505
1610612756,PHX,Phoenix Suns,22009,54,82,110.23170731707317,43.0,23.317073170731707,5.841463414634147,5.097560975609756,14.75609756097561,0.49295121951219517,0.40947560975609754,0.7677439024390244,52.40803484816863,1.591965151831367,-1.591965151831367
1610612756,PHX,Phoenix Suns,22010,40,82,105.01219512195122,40.23170731707317,23.71951219512195,6.646341463414634,4.353658536585366,14.25609756097561,0.47131707317073174,0.3692682926829268,0.7637195121951219,35.67267693580665,4.327323064193351,-4.327323064193351
1610612756,PHX,Phoenix Suns,22011,33,66,98.36363636363636,41.696969696969695,22.515151515151516,6.53030303030303,5.545454545454546,14.06060606060606,0.45928787878787874,0.34295454545454546,0.7597878787878788,38.195165070129136,-5.195165070129136,5.195165070129136
1610612756,PHX,Phoenix Suns,22013,48,82,105.23170731707317,43.03658536585366,19.0609756097561,8.390243902439025,4.560975609756097,15.341463414634147,0.46498780487804875,0.37558536585365854,0.7515487804878049,45.79926104625585,2.2007389537441497,-2.2007389537441497
1610612756,PHX,Phoenix Suns,22014,39,82,102.40243902439025,43.15853658536585,20.23170731707317,8.536585365853659,4.695121951219512,15.097560975609756,0.4519878048780488,0.3375975609756098,0.7587195121951219,37.68507919055815,1.3149208094418512,-1.3149208094418512
1610612756,PHX,Phoenix Suns,22015,23,82,100.86585365853658,44.829268292682926,20.74390243902439,7.7073170731707314,3.817073170731707,17.195121951219512,0.43535365853658536,0.34436585365853656,0.7465731707317074,24.340002235073836,-1.340002235073836,1.340002235073836
1610612756,PHX,Phoenix Suns,22016,24,82,107.6951219512195,44.97560975609756,19.5609756097561,8.207317073170731,4.865853658536586,15.426829268292684,0.45235365853658543,0.33313414634146343,0.7761707317073171,35.26885907223304,-11.268859072233042,11.268859072233042
1610612756,PHX,Phoenix Suns,22017,21,82,103.92682926829268,44.1219512195122,21.25609756097561,6.939024390243903,4.512195121951219,15.71951219512195,0.4433048780487805,0.3353780487804878,0.7375853658536585,23.74758969100436,-2.747589691004361,2.747589691004361
1610612756,PHX,Phoenix Suns,22018,19,82,107.5,40.3780487804878,23.865853658536587,8.963414634146341,5.097560975609756,15.597560975609756,0.4597073170731707,0.3275609756097561,0.7786219512195122,25.940122644018448,-6.940122644018448,6.940122644018448
1610612756,PHX,Phoenix Suns,22019,34,73,113.61643835616438,43.52054794520548,27.21917808219178,7.657534246575342,3.9726027397260273,14.753424657534246,0.4686575342465754,0.35754794520547944,0.8301232876712328,36.56668219108125,-2.5666821910812487,2.5666821910812487
1610612756,PHX,Phoenix Suns,22020,51,72,115.27777777777777,42.94444444444444,26.930555555555557,7.180555555555555,4.333333333333333,12.527777777777779,0.49145833333333333,0.3773333333333333,0.8372222222222222,55.313623011600555,-4.313623011600555,4.313623011600555
1610612756,PHX,Phoenix Suns,22021,64,82,114.82926829268293,45.292682926829265,27.365853658536587,8.560975609756097,4.378048780487805,12.926829268292684,0.4857073170731708,0.3643780487804878,0.7953048780487806,60.25008509418555,3.7499149058144496,-3.7499149058144496
1610612756,PHX,Phoenix Suns,22022,45,82,113.64634146341463,44.24390243902439,27.25609756097561,7.134146341463414,5.2682926829268295,13.536585365853659,0.4680975609756098,0.3713170731707317,0.7944512195121951,42.36562186281725,2.6343781371827504,-2.6343781371827504
1610612757,POR,Portland Trail Blazers,21997,46,82,94.3170731707317,44.0,21.536585365853657,7.134146341463414,5.658536585365853,16.865853658536587,0.45137804878048776,0.31670731707317074,0.736390243902439,33.137600496299044,12.862399503700956,-12.862399503700956
1610612757,POR,Portland Trail Blazers,21998,35,50,94.84,44.32,21.46,8.22,5.8,15.42,0.44218,0.36707999999999996,0.7438800000000001,46.63129072169577,-11.63129072169577,11.63129072169577
1610612757,POR,Portland Trail Blazers,21999,59,82,97.45121951219512,43.0,23.475609756097562,7.719512195121951,4.829268292682927,15.158536585365853,0.4725609756097561,0.359390243902439,0.760329268292683,53.38547110925644,5.614528890743557,-5.614528890743557
1610612757,POR,Portland Trail Blazers,22000,50,82,95.41463414634147,41.96341463414634,23.9390243902439,8.195121951219512,5.109756097560975,15.329268292682928,0.46936585365853656,0.3469756097560976,0.757219512195122,50.010240278031155,-0.010240278031155015,0.010240278031155015
1610612757,POR,Portland Trail Blazers,22001,49,82,96.64634146341463,43.03658536585366,23.48780487804878,8.560975609756097,4.487804878048781,14.292682926829269,0.4510609756097561,0.3522926829268293,0.762329268292683,47.822526887373435,1.177473112626565,-1.177473112626565
1610612757,POR,Portland Trail Blazers,22002,50,82,95.15853658536585,41.09756097560975,22.682926829268293,8.841463414634147,3.8536585365853657,15.21951219512195,0.4615365853658537,0.33101219512195124,0.7426463414634146,42.62078758288221,7.379212417117792,-7.379212417117792
1610612757,POR,Portland Trail Blazers,22003,41,82,90.73170731707317,41.65853658536585,21.5609756097561,7.475609756097561,5.402439024390244,14.74390243902439,0.4486829268292683,0.3437560975609756,0.7343536585365853,41.57895085355126,-0.5789508535512624,0.5789508535512624
1610612757,POR,Portland Trail Blazers,22004,27,82,92.9390243902439,41.146341463414636,21.0,7.109756097560975,6.634146341463414,15.951219512195122,0.45203658536585367,0.35410975609756096,0.7241585365853659,35.75755551127587,-8.757555511275868,8.757555511275868
1610612757,POR,Portland Trail Blazers,22005,21,82,88.84146341463415,37.670731707317074,18.170731707317074,6.451219512195122,5.304878048780488,14.695121951219512,0.44646341463414635,0.3377682926829268,0.6859512195121951,24.030926956021517,-3.030926956021517,3.030926956021517
1610612757,POR,Portland Trail Blazers,22006,32,82,94.10975609756098,39.292682926829265,18.451219512195124,6.7682926829268295,4.634146341463414,15.073170731707316,0.4502926829268293,0.3412073170731707,0.7683170731707317,28.494531713858194,3.505468286141806,-3.505468286141806
1610612757,POR,Portland Trail Blazers,22007,41,82,95.36585365853658,40.71951219512195,21.134146341463413,5.548780487804878,4.390243902439025,12.878048780487806,0.4497317073170732,0.37541463414634146,0.765609756097561,38.57049300304476,2.42950699695524,-2.42950699695524
1610612757,POR,Portland Trail Blazers,22008,54,82,99.42682926829268,41.707317073170735,20.329268292682926,6.7073170731707314,4.902439024390244,12.865853658536585,0.4655853658536585,0.3835,0.7670853658536585,52.462766000228484,1.5372339997715159,-1.5372339997715159
1610612757,POR,Portland Trail Blazers,22009,50,82,98.10975609756098,40.19512195121951,20.414634146341463,6.378048780487805,4.2682926829268295,12.341463414634147,0.4620609756097561,0.35042682926829266,0.7920975609756097,43.114140974766705,6.8858590252332945,-6.8858590252332945
1610612757,POR,Portland Trail Blazers,22010,48,82,96.29268292682927,39.34146341463415,21.170731707317074,8.048780487804878,4.365853658536586,13.048780487804878,0.4492560975609756,0.345719512195122,0.7978292682926829,39.106715667301955,8.893284332698045,-8.893284332698045
1610612757,POR,Portland Trail Blazers,22011,28,66,97.1969696969697,40.666666666666664,20.439393939393938,8.0,4.878787878787879,14.166666666666666,0.4435454545454546,0.3428333333333333,0.7946969696969698,34.79412310547134,-6.794123105471343,6.794123105471343
1610612757,POR,Portland Trail Blazers,22013,54,82,106.7439024390244,46.4390243902439,23.21951219512195,5.536585365853658,4.719512195121951,13.71951219512195,0.45020731707317074,0.37065853658536585,0.8152195121951219,41.47328674746087,12.526713252539132,-12.526713252539132
1610612757,POR,Portland Trail Blazers,22014,51,82,102.79268292682927,45.853658536585364,21.9390243902439,6.402439024390244,4.536585365853658,13.621951219512194,0.45119512195121947,0.36117073170731706,0.8025487804878049,46.76912399227989,4.230876007720113,-4.230876007720113
1610612757,POR,Portland Trail Blazers,22015,44,82,105.14634146341463,45.48780487804878,21.317073170731707,6.853658536585366,4.634146341463414,14.634146341463415,0.4509146341463415,0.36885365853658536,0.7517439024390244,40.376621464405105,3.6233785355948953,-3.6233785355948953
1610612757,POR,Portland Trail Blazers,22016,41,82,107.9390243902439,43.65853658536585,21.134146341463413,7.0,4.975609756097561,13.731707317073171,0.4605365853658537,0.37509756097560976,0.7793292682926829,43.09716263959346,-2.0971626395934635,2.0971626395934635
1610612757,POR,Portland Trail Blazers,22017,49,82,105.6219512195122,45.46341463414634,19.5,6.987804878048781,5.158536585365853,13.524390243902438,0.45349999999999996,0.36734146341463414,0.8052560975609757,48.56209310755979,0.4379068924402105,-0.4379068924402105
1610612757,POR,Portland Trail Blazers,22018,53,82,114.65853658536585,47.98780487804878,23.01219512195122,6.658536585365853,5.036585365853658,13.841463414634147,0.46902439024390247,0.362109756097561,0.8122317073170731,50.552680420179314,2.447319579820686,-2.447319579820686
1610612757,POR,Portland Trail Blazers,22019,35,74,114.97297297297297,45.310810810810814,20.60810810810811,6.283783783783784,6.094594594594595,12.783783783783784,0.4641216216216216,0.3745135135135135,0.7991081081081081,44.32964756036202,-9.32964756036202,9.32964756036202
1610612757,POR,Portland Trail Blazers,22020,42,72,116.11111111111111,44.541666666666664,21.26388888888889,6.888888888888889,5.041666666666667,11.097222222222221,0.4545138888888889,0.38605555555555554,0.8207916666666667,45.71120956965348,-3.7112095696534766,3.7112095696534766
1610612757,POR,Portland Trail Blazers,22021,27,82,106.23170731707317,42.86585365853659,22.926829268292682,8.012195121951219,4.463414634146342,14.475609756097562,0.4431951219512195,0.3424390243902439,0.7564878048780488,27.443276448777624,-0.44327644877762395,0.44327644877762395
1610612757,POR,Portland Trail Blazers,22022,33,82,113.40243902439025,40.548780487804876,24.158536585365855,6.7439024390243905,4.585365853658536,14.451219512195122,0.4747682926829268,0.3641463414634146,0.7976585365853659,29.30965484166444,3.6903451583355604,-3.6903451583355604
1610612758,SAC,Sacramento Kings,21997,27,82,93.13414634146342,41.4390243902439,22.390243902439025,7.2682926829268295,5.121951219512195,15.5,0.44291463414634147,0.3351585365853659,0.6854634146341463,27.587625177409024,-0.5876251774090235,0.5876251774090235
1610612758,SAC,Sacramento Kings,21998,27,50,100.18,45.58,22.58,8.88,4.64,16.84,0.44704,0.30774,0.68122,31.462567057448254,-4.462567057448254,4.462567057448254
1610612758,SAC,Sacramento Kings,21999,44,82,104.96341463414635,45.01219512195122,23.817073170731707,9.597560975609756,4.646341463414634,16.158536585365855,0.4512926829268293,0.31864634146341464,0.7580609756097562,36.55964624051177,7.440353759488232,-7.440353759488232
1610612758,SAC,Sacramento Kings,22000,55,82,101.7439024390244,45.02439024390244,22.585365853658537,9.670731707317072,5.2682926829268295,14.890243902439025,0.45132926829268294,0.34696341463414637,0.775219512195122,51.1910572940391,3.8089427059609022,-3.8089427059609022
1610612758,SAC,Sacramento Kings,22001,61,82,104.60975609756098,45.30487804878049,23.878048780487806,9.036585365853659,4.573170731707317,13.75609756097561,0.46680487804878046,0.37035365853658536,0.7520121951219512,60.75821733055375,0.24178266944625193,-0.24178266944625193
1610612758,SAC,Sacramento Kings,22002,59,82,101.73170731707317,44.52439024390244,24.804878048780488,8.975609756097562,5.573170731707317,14.536585365853659,0.46480487804878046,0.3794878048780488,0.7496219512195123,59.28690994697119,-0.28690994697119265,0.28690994697119265
1610612758,SAC,Sacramento Kings,22003,55,82,102.84146341463415,41.21951219512195,26.24390243902439,8.658536585365853,3.9634146341463414,13.817073170731707,0.4641829268292683,0.4016219512195122,0.7980121951219512,52.72453862424432,2.2754613757556825,-2.2754613757556825
1610612758,SAC,Sacramento Kings,22004,50,82,103.71951219512195,42.41463414634146,24.451219512195124,8.21951219512195,3.8536585365853657,13.085365853658537,0.45957317073170734,0.37158536585365853,0.7912317073170732,49.04060954065518,0.9593904593448173,-0.9593904593448173
1610612758,SAC,Sacramento Kings,22005,44,82,98.85365853658537,40.548780487804876,22.25609756097561,7.414634146341464,3.6463414634146343,14.621951219512194,0.4556829268292683,0.3492804878048781,0.7855,34.47236423136084,9.527635768639158,-9.527635768639158
1610612758,SAC,Sacramento Kings,22006,33,82,101.2560975609756,38.9390243902439,20.304878048780488,8.182926829268293,3.231707317073171,14.560975609756097,0.45160975609756104,0.347109756097561,0.7665975609756097,26.964655015739055,6.035344984260945,-6.035344984260945
1610612758,SAC,Sacramento Kings,22007,38,82,102.53658536585365,40.0609756097561,19.109756097560975,7.939024390243903,4.073170731707317,16.0609756097561,0.4646707317073171,0.37396341463414634,0.7965853658536585,36.266205156147635,1.7337948438523654,-1.7337948438523654
1610612758,SAC,Sacramento Kings,22008,17,82,100.58536585365853,39.09756097560975,19.74390243902439,6.939024390243903,4.2560975609756095,15.439024390243903,0.44858536585365855,0.36341463414634145,0.7950731707317072,22.99259785849611,-5.9925978584961115,5.9925978584961115
1610612758,SAC,Sacramento Kings,22009,25,82,100.0,42.6219512195122,20.475609756097562,6.878048780487805,4.463414634146342,14.951219512195122,0.45698780487804874,0.351609756097561,0.7229268292682927,35.80603872889577,-10.806038728895771,10.806038728895771
1610612758,SAC,Sacramento Kings,22010,24,82,99.40243902439025,43.86585365853659,20.426829268292682,7.414634146341464,4.7682926829268295,16.146341463414632,0.4498780487804878,0.3352317073170732,0.7286219512195122,32.157004581102,-8.157004581102,8.157004581102
1610612758,SAC,Sacramento Kings,22011,22,66,98.75757575757575,42.86363636363637,19.257575757575758,8.5,4.893939393939394,14.424242424242424,0.4366060606060606,0.31166666666666665,0.7426666666666666,30.307848725800838,-8.307848725800838,8.307848725800838
1610612758,SAC,Sacramento Kings,22013,28,82,100.5,44.46341463414634,18.865853658536587,7.158536585365853,3.8780487804878048,15.231707317073171,0.44847560975609757,0.32820731707317075,0.7583780487804878,34.12375518023654,-6.123755180236543,6.123755180236543
1610612758,SAC,Sacramento Kings,22014,29,82,101.34146341463415,44.18292682926829,20.329268292682926,6.7073170731707314,3.951219512195122,16.25609756097561,0.45624390243902435,0.3398048780487805,0.7600243902439024,32.62452433413509,-3.6245243341350886,3.6245243341350886
1610612758,SAC,Sacramento Kings,22015,33,82,106.58536585365853,44.24390243902439,24.5,8.939024390243903,4.487804878048781,16.170731707317074,0.4646951219512195,0.36029268292682926,0.7194024390243903,41.77028113213035,-8.77028113213035,8.77028113213035
1610612758,SAC,Sacramento Kings,22016,32,82,102.8048780487805,41.0609756097561,22.48780487804878,7.646341463414634,3.951219512195122,14.646341463414634,0.4621585365853658,0.3804268292682927,0.7704268292682926,40.51919994740037,-8.519199947400367,8.519199947400367
1610612758,SAC,Sacramento Kings,22017,27,82,98.82926829268293,40.90243902439025,21.5609756097561,7.841463414634147,4.146341463414634,13.71951219512195,0.45076829268292684,0.37691463414634147,0.7405731707317073,41.01693623061256,-14.016936230612558,14.016936230612558
1610612758,SAC,Sacramento Kings,22018,39,82,114.1829268292683,45.426829268292686,25.402439024390244,8.28048780487805,4.426829268292683,13.353658536585366,0.4643048780487805,0.37678048780487805,0.7194024390243903,46.36816090159478,-7.368160901594777,7.368160901594777
1610612758,SAC,Sacramento Kings,22019,31,72,110.09722222222223,42.59722222222222,23.791666666666668,7.722222222222222,4.069444444444445,14.48611111111111,0.46466666666666673,0.3645555555555556,0.7668194444444444,36.26775345943257,-5.267753459432569,5.267753459432569
1610612758,SAC,Sacramento Kings,22020,31,72,113.73611111111111,41.40277777777778,25.5,7.541666666666667,4.972222222222222,13.375,0.4821944444444445,0.36375,0.7412083333333332,40.3187168984996,-9.318716898499602,9.318716898499602
1610612758,SAC,Sacramento Kings,22021,30,82,110.3048780487805,42.9390243902439,23.695121951219512,7.170731707317073,4.5,14.097560975609756,0.46092682926829265,0.3462682926829268,0.7685609756097561,31.64432630598138,-1.6443263059813802,1.6443263059813802
1610612758,SAC,Sacramento Kings,22022,48,82,120.70731707317073,42.451219512195124,27.28048780487805,7.0,3.3536585365853657,13.487804878048781,0.4945731707317073,0.36771951219512194,0.7918536585365854,40.904519824979374,7.095480175020626,-7.095480175020626
1610612759,SAS,San Antonio Spurs,21997,56,82,92.52439024390245,44.170731707317074,22.426829268292682,6.2926829268292686,6.926829268292683,16.073170731707318,0.47039024390243905,0.3407073170731707,0.6949390243902439,48.406440004221196,7.593559995778804,-7.593559995778804
1610612759,SAS,San Antonio Spurs,21998,37,50,92.8,43.96,22.02,8.42,7.02,15.18,0.45783999999999997,0.32766,0.6998399999999999,50.71565815091638,-13.715658150916383,13.715658150916383
1610612759,SAS,San Antonio Spurs,21999,53,82,96.17073170731707,43.81707317073171,22.182926829268293,7.487804878048781,6.719512195121951,15.036585365853659,0.4621829268292683,0.3846341463414634,0.7389634146341463,56.03592541127672,-3.0359254112767218,3.0359254112767218
1610612759,SAS,San Antonio Spurs,22000,58,82,96.17073170731707,44.073170731707314,21.682926829268293,6.926829268292683,7.024390243902439,13.963414634146341,0.46189024390243905,0.40679268292682924,0.7118170731707317,61.03484009132218,-3.034840091322181,3.034840091322181
1610612759,SAS,San Antonio Spurs,22001,58,82,96.73170731707317,42.353658536585364,20.036585365853657,7.621951219512195,6.548780487804878,14.390243902439025,0.4593536585365854,0.3600121951219512,0.7439146341463414,48.88706659994931,9.112933400050693,-9.112933400050693
1610612759,SAS,San Antonio Spurs,22002,60,82,95.8048780487805,42.6219512195122,19.951219512195124,7.670731707317073,6.451219512195122,15.792682926829269,0.4619146341463415,0.3500731707317073,0.7223658536585366,44.80762650753931,15.192373492460689,-15.192373492460689
1610612759,SAS,San Antonio Spurs,22003,57,82,91.47560975609755,45.09756097560975,20.4390243902439,8.060975609756097,6.548780487804878,14.585365853658537,0.4421585365853658,0.35829268292682925,0.6812439024390244,52.042381277485916,4.957618722514084,-4.957618722514084
1610612759,SAS,San Antonio Spurs,22004,59,82,96.1951219512195,42.390243902439025,21.597560975609756,7.475609756097561,6.621951219512195,13.731707317073171,0.4546707317073171,0.36323170731707316,0.7269146341463415,48.244494375362464,10.755505624637536,-10.755505624637536
1610612759,SAS,San Antonio Spurs,22005,63,82,95.57317073170732,41.451219512195124,20.9390243902439,6.621951219512195,5.695121951219512,13.731707317073171,0.472219512195122,0.3776951219512195,0.6995731707317073,52.93351172680927,10.066488273190728,-10.066488273190728
1610612759,SAS,San Antonio Spurs,22006,58,82,98.52439024390245,40.707317073170735,22.121951219512194,7.158536585365853,5.085365853658536,13.865853658536585,0.4760487804878049,0.37632926829268293,0.7577560975609756,52.49900441897637,5.500995581023631,-5.500995581023631
1610612759,SAS,San Antonio Spurs,22007,56,82,95.36585365853658,41.25609756097561,20.951219512195124,6.353658536585366,4.109756097560975,12.621951219512194,0.45762195121951216,0.36891463414634146,0.7574024390243902,47.259237193119475,8.740762806880525,-8.740762806880525
1610612759,SAS,San Antonio Spurs,22008,54,82,97.04878048780488,41.048780487804876,21.170731707317074,5.780487804878049,4.012195121951219,11.74390243902439,0.4661219512195122,0.3899756097560976,0.7634878048780488,53.70187610479698,0.29812389520301963,-0.29812389520301963
1610612759,SAS,San Antonio Spurs,22009,50,82,101.36585365853658,42.78048780487805,22.304878048780488,6.2926829268292686,4.646341463414634,13.609756097560975,0.47414634146341467,0.3653170731707317,0.7409512195121951,49.201999371154244,0.798000628845756,-0.798000628845756
1610612759,SAS,San Antonio Spurs,22010,61,82,103.6829268292683,41.853658536585364,22.390243902439025,7.341463414634147,4.536585365853658,13.426829268292684,0.47663414634146345,0.39558536585365855,0.761,55.5860710813772,5.413928918622801,-5.413928918622801
1610612759,SAS,San Antonio Spurs,22011,50,66,103.65151515151516,42.96969696969697,23.151515151515152,7.424242424242424,4.4393939393939394,13.56060606060606,0.4795,0.3962878787878788,0.7378030303030303,59.39806162390501,-9.398061623905008,9.398061623905008
1610612759,SAS,San Antonio Spurs,22013,62,82,105.35365853658537,43.26829268292683,25.170731707317074,7.365853658536586,5.121951219512195,14.390243902439025,0.48735365853658535,0.3970975609756097,0.7806341463414634,61.315267456417544,0.6847325435824558,-0.6847325435824558
1610612759,SAS,San Antonio Spurs,22014,55,82,103.1829268292683,43.63414634146341,24.390243902439025,8.012195121951219,5.414634146341464,13.975609756097562,0.4696585365853659,0.3618048780487805,0.781670731707317,54.107303547998214,0.8926964520017862,-0.8926964520017862
1610612759,SAS,San Antonio Spurs,22015,67,82,103.53658536585365,43.91463414634146,24.51219512195122,8.25609756097561,5.914634146341464,13.060975609756097,0.48474390243902443,0.3796951219512195,0.8077926829268294,71.44735108944847,-4.447351089448475,4.447351089448475
1610612759,SAS,San Antonio Spurs,22016,61,82,105.32926829268293,43.8780487804878,23.829268292682926,7.987804878048781,5.902439024390244,13.426829268292684,0.4703658536585366,0.3940121951219512,0.7969024390243903,60.98686835764215,0.01313164235784825,-0.01313164235784825
1610612759,SAS,San Antonio Spurs,22017,47,82,102.73170731707317,44.21951219512195,22.78048780487805,7.658536585365853,5.609756097560975,13.146341463414634,0.4577560975609756,0.35225609756097565,0.7780975609756098,50.320989412645886,-3.3209894126458863,3.3209894126458863
1610612759,SAS,San Antonio Spurs,22018,48,82,111.65853658536585,44.71951219512195,24.548780487804876,6.109756097560975,4.7073170731707314,12.097560975609756,0.47959756097560974,0.3966707317073171,0.8196219512195122,58.889657917690144,-10.889657917690144,10.889657917690144
1610612759,SAS,San Antonio Spurs,22019,32,71,114.05633802816901,44.647887323943664,24.661971830985916,7.295774647887324,5.492957746478873,12.605633802816902,0.47277464788732393,0.3745492957746479,0.8069859154929577,51.64781536344111,-19.64781536344111,19.64781536344111
1610612759,SAS,San Antonio Spurs,22020,33,72,111.08333333333333,43.861111111111114,24.430555555555557,7.013888888888889,5.083333333333333,11.402777777777779,0.46269444444444446,0.3467777777777778,0.7930972222222222,44.95696829655762,-11.95696829655762,11.95696829655762
1610612759,SAS,San Antonio Spurs,22021,34,82,113.15853658536585,45.31707317073171,27.914634146341463,7.634146341463414,4.914634146341464,12.71951219512195,0.4670243902439024,0.35059756097560973,0.7547439024390244,45.244259771271246,-11.244259771271246,11.244259771271246
1610612759,SAS,San Antonio Spurs,22022,22,82,113.03658536585365,43.707317073170735,27.21951219512195,6.975609756097561,3.926829268292683,15.28048780487805,0.4674146341463415,0.34648780487804876,0.7402682926829268,26.92440503686865,-4.924405036868649,4.924405036868649
1610612760,OKC,Oklahoma City Thunder,22008,23,82,96.97560975609755,42.63414634146341,20.28048780487805,7.414634146341464,4.524390243902439,16.21951219512195,0.44799999999999995,0.341109756097561,0.7838536585365853,32.89223012244355,-9.89223012244355,9.89223012244355
1610612760,OKC,Oklahoma City Thunder,22009,50,82,101.48780487804878,43.5,19.98780487804878,7.975609756097561,5.865853658536586,14.963414634146341,0.4632073170731707,0.33896341463414636,0.8062439024390243,47.24086632316124,2.7591336768387578,-2.7591336768387578
1610612760,OKC,Oklahoma City Thunder,22010,55,82,104.82926829268293,42.76829268292683,20.390243902439025,7.975609756097561,5.939024390243903,14.097560975609756,0.4660975609756097,0.34929268292682925,0.8222439024390245,48.12978754317112,6.870212456828881,-6.870212456828881
1610612760,OKC,Oklahoma City Thunder,22011,47,66,103.06060606060606,43.68181818181818,18.545454545454547,7.545454545454546,8.166666666666666,16.348484848484848,0.4718030303030303,0.3625151515151515,0.8082878787878788,49.91238067721699,-2.912380677216987,2.912380677216987
1610612760,OKC,Oklahoma City Thunder,22013,59,82,106.15853658536585,44.73170731707317,21.878048780487806,8.268292682926829,6.109756097560975,15.317073170731707,0.47225609756097564,0.3644390243902439,0.804109756097561,54.30506333212767,4.6949366678723266,-4.6949366678723266
1610612760,OKC,Oklahoma City Thunder,22014,45,82,103.95121951219512,47.51219512195122,20.5,7.2926829268292686,5.536585365853658,14.695121951219512,0.4479634146341463,0.33564634146341465,0.7412926829268293,43.07248742629051,1.9275125737094925,-1.9275125737094925
1610612760,OKC,Oklahoma City Thunder,22015,55,82,110.21951219512195,48.6219512195122,22.963414634146343,7.353658536585366,5.939024390243903,15.914634146341463,0.4767682926829268,0.35,0.7862926829268293,54.869478949723884,0.1305210502761156,-0.1305210502761156
1610612760,OKC,Oklahoma City Thunder,22016,47,82,106.59756097560975,46.6219512195122,20.98780487804878,7.902439024390244,4.975609756097561,15.0,0.4520853658536585,0.32653658536585367,0.7476951219512196,39.223530982929915,7.7764690170700845,-7.7764690170700845
1610612760,OKC,Oklahoma City Thunder,22017,48,82,107.85365853658537,45.0609756097561,21.341463414634145,9.060975609756097,5.024390243902439,13.987804878048781,0.45321951219512197,0.35214634146341467,0.7146463414634147,44.638109958128666,3.361890041871334,-3.361890041871334
1610612760,OKC,Oklahoma City Thunder,22018,49,82,114.47560975609755,48.073170731707314,23.378048780487806,9.341463414634147,5.182926829268292,13.963414634146341,0.4548536585365854,0.35132926829268296,0.7139756097560975,47.96373442802066,1.0362655719793423,-1.0362655719793423
1610612760,OKC,Oklahoma City Thunder,22019,44,72,110.41666666666667,42.888888888888886,21.694444444444443,7.638888888888889,4.902777777777778,13.694444444444445,0.4693194444444444,0.3538888888888889,0.7971805555555556,42.589636508781055,1.4103634912189449,-1.4103634912189449
1610612760,OKC,Oklahoma City Thunder,22020,22,72,105.0,45.59722222222222,22.055555555555557,7.0,4.388888888888889,16.13888888888889,0.442,0.33947222222222223,0.7241666666666666,24.919552273779175,-2.919552273779175,2.919552273779175
1610612760,OKC,Oklahoma City Thunder,22021,24,82,103.73170731707317,45.6219512195122,22.21951219512195,7.585365853658536,4.634146341463414,13.963414634146341,0.4301341463414634,0.3228780487804878,0.7559878048780487,28.903199226927114,-4.903199226927114,4.903199226927114
1610612760,OKC,Oklahoma City Thunder,22022,40,82,117.47560975609755,43.646341463414636,24.414634146341463,8.24390243902439,4.158536585365853,13.036585365853659,0.4665853658536585,0.356890243902439,0.8043536585365852,39.72450474021775,0.27549525978224665,-0.27549525978224665
1610612760,SEA,Seattle SuperSonics,21997,61,82,100.5609756097561,38.48780487804878,24.21951219512195,9.804878048780488,4.585365853658536,13.963414634146341,0.47315853658536583,0.3983780487804878,0.7230243902439024,53.336439221796994,7.663560778203006,-7.663560778203006
1610612760,SEA,Seattle SuperSonics,21998,25,50,94.86,41.96,21.74,7.86,4.02,15.3,0.44298000000000004,0.34619999999999995,0.6816,31.415882080675118,-6.415882080675118,6.415882080675118
1610612760,SEA,Seattle SuperSonics,21999,45,82,99.08536585365853,42.98780487804878,22.902439024390244,8.012195121951219,4.2073170731707314,14.048780487804878,0.44802439024390245,0.3359756097560976,0.6914634146341464,36.269583568680915,8.730416431319085,-8.730416431319085
1610612760,SEA,Seattle SuperSonics,22000,44,82,97.29268292682927,41.71951219512195,21.853658536585368,8.012195121951219,4.987804878048781,15.268292682926829,0.4570609756097561,0.4064878048780488,0.7344512195121952,48.91385133066814,-4.9138513306681375,4.9138513306681375
1610612760,SEA,Seattle SuperSonics,22001,45,82,97.73170731707317,40.25609756097561,23.48780487804878,8.512195121951219,4.439024390243903,13.707317073170731,0.4700121951219512,0.3840609756097561,0.7474634146341463,54.7598325268128,-9.7598325268128,9.7598325268128
1610612760,SEA,Seattle SuperSonics,22002,40,82,92.13414634146342,40.829268292682926,21.646341463414632,8.28048780487805,3.597560975609756,13.231707317073171,0.4380365853658536,0.34997560975609754,0.7479024390243902,40.518200423111466,-0.5182004231114661,0.5182004231114661
1610612760,SEA,Seattle SuperSonics,22003,37,82,97.1219512195122,39.329268292682926,21.73170731707317,8.060975609756097,4.719512195121951,14.439024390243903,0.44554878048780483,0.37390243902439024,0.7618902439024391,34.27224052815447,2.7277594718455305,-2.7277594718455305
1610612760,SEA,Seattle SuperSonics,22004,52,82,98.9390243902439,40.8780487804878,18.134146341463413,6.7439024390243905,4.121951219512195,13.573170731707316,0.44513414634146337,0.3661951219512195,0.7862439024390243,34.8395776528514,17.160422347148597,-17.160422347148597
1610612760,SEA,Seattle SuperSonics,22005,35,82,102.57317073170732,39.58536585365854,20.682926829268293,7.585365853658536,3.731707317073171,14.731707317073171,0.45923170731707313,0.3712682926829268,0.7800731707317073,33.301384312345704,1.6986156876542964,-1.6986156876542964
1610612760,SEA,Seattle SuperSonics,22006,31,82,99.14634146341463,39.63414634146341,20.670731707317074,7.695121951219512,3.6707317073170733,15.463414634146341,0.46041463414634143,0.35551219512195126,0.7889756097560975,33.622257086428874,-2.622257086428874,2.622257086428874
1610612760,SEA,Seattle SuperSonics,22007,20,82,97.54878048780488,44.6219512195122,21.317073170731707,6.475609756097561,4.878048780487805,15.975609756097562,0.4458170731707317,0.325390243902439,0.7667804878048781,30.983616290571575,-10.983616290571575,10.983616290571575
1610612761,TOR,Toronto Raptors,21997,16,82,94.89024390243902,40.68292682926829,21.29268292682927,9.378048780487806,8.085365853658537,16.71951219512195,0.43585365853658536,0.3398292682926829,0.7173048780487805,28.0632166865864,-12.0632166865864,12.0632166865864
1610612761,TOR,Toronto Raptors,21998,23,50,91.14,43.18,20.72,8.78,6.42,15.98,0.42394,0.32411999999999996,0.76538,32.1687679811529,-9.168767981152897,9.168767981152897
1610612761,TOR,Toronto Raptors,21999,45,82,97.17073170731707,43.25609756097561,23.74390243902439,8.121951219512194,6.634146341463414,13.865853658536585,0.43414634146341463,0.35641463414634145,0.764280487804878,40.536160702373806,4.463839297626194,-4.463839297626194
1610612761,TOR,Toronto Raptors,22000,47,82,97.64634146341463,44.47560975609756,24.4390243902439,7.304878048780488,6.329268292682927,13.170731707317072,0.43863414634146347,0.36191463414634145,0.7454268292682927,45.11050634916427,1.8894936508357318,-1.8894936508357318
1610612761,TOR,Toronto Raptors,22001,42,82,91.39024390243902,42.073170731707314,21.695121951219512,8.390243902439025,5.536585365853658,14.317073170731707,0.4348414634146341,0.35465853658536584,0.7378780487804878,41.71924177165435,0.2807582283456469,-0.2807582283456469
1610612761,TOR,Toronto Raptors,22002,24,82,90.89024390243902,41.19512195121951,19.304878048780488,7.426829268292683,4.780487804878049,14.402439024390244,0.4276463414634146,0.3398048780487805,0.7203658536585366,28.365520919405526,-4.365520919405526,4.365520919405526
1610612761,TOR,Toronto Raptors,22003,33,82,85.4390243902439,39.6219512195122,19.195121951219512,7.365853658536586,4.902439024390244,14.146341463414634,0.41754878048780486,0.34845121951219515,0.7470853658536586,27.41778578612832,5.58221421387168,-5.58221421387168
1610612761,TOR,Toronto Raptors,22004,33,82,99.73170731707317,40.09756097560975,20.365853658536587,7.573170731707317,3.8658536585365852,13.25609756097561,0.44449999999999995,0.3851829268292683,0.7701951219512195,37.28696422531607,-4.286964225316069,4.286964225316069
1610612761,TOR,Toronto Raptors,22005,27,82,101.0609756097561,38.47560975609756,19.426829268292682,6.451219512195122,3.317073170731707,13.060975609756097,0.4552317073170732,0.37052439024390244,0.7900365853658536,31.097227486025986,-4.097227486025986,4.097227486025986
1610612761,TOR,Toronto Raptors,22006,47,82,99.47560975609755,39.451219512195124,22.21951219512195,7.085365853658536,3.9146341463414633,13.463414634146341,0.46417073170731704,0.3565609756097561,0.7863292682926829,39.26253314971103,7.737466850288968,-7.737466850288968
1610612761,TOR,Toronto Raptors,22007,41,82,100.1829268292683,40.073170731707314,23.817073170731707,6.951219512195122,4.097560975609756,11.695121951219512,0.46957317073170735,0.3894878048780488,0.8167073170731707,55.411997700448126,-14.411997700448126,14.411997700448126
1610612761,TOR,Toronto Raptors,22008,33,82,99.03658536585365,40.426829268292686,22.378048780487806,6.378048780487805,4.7560975609756095,13.390243902439025,0.45948780487804874,0.3747439024390244,0.824,42.616288977663544,-9.616288977663544,9.616288977663544
1610612761,TOR,Toronto Raptors,22009,40,82,104.07317073170732,40.40243902439025,22.0,5.719512195121951,4.682926829268292,13.414634146341463,0.48471951219512194,0.37215853658536585,0.7610609756097562,44.95912934269032,-4.959129342690318,4.959129342690318
1610612761,TOR,Toronto Raptors,22010,22,82,99.07317073170732,40.31707317073171,21.890243902439025,7.085365853658536,4.2682926829268295,14.707317073170731,0.46708536585365856,0.30841463414634146,0.7534878048780488,30.79071632244532,-8.79071632244532,8.79071632244532
1610612761,TOR,Toronto Raptors,22011,23,66,90.6969696969697,41.984848484848484,20.939393939393938,6.5,4.863636363636363,15.166666666666666,0.44107575757575757,0.33206060606060606,0.7615,31.95933680638413,-8.95933680638413,8.95933680638413
1610612761,TOR,Toronto Raptors,22013,48,82,101.28048780487805,42.52439024390244,21.182926829268293,7.036585365853658,4.182926829268292,14.134146341463415,0.44701219512195123,0.3703170731707317,0.7801829268292683,37.10858264905343,10.891417350946568,-10.891417350946568
1610612761,TOR,Toronto Raptors,22014,49,82,103.98780487804878,41.548780487804876,20.74390243902439,7.5,4.353658536585366,12.890243902439025,0.4558414634146341,0.35117073170731705,0.7903292682926829,39.813075239987896,9.186924760012104,-9.186924760012104
1610612761,TOR,Toronto Raptors,22015,56,82,102.70731707317073,43.41463414634146,18.73170731707317,7.7560975609756095,5.475609756097561,13.085365853658537,0.4526219512195122,0.3662560975609756,0.7785121951219512,48.92367375741088,7.0763262425891185,-7.0763262425891185
1610612761,TOR,Toronto Raptors,22016,51,82,106.85365853658537,43.25609756097561,18.5,8.25609756097561,4.878048780487805,12.695121951219512,0.46524390243902436,0.3649268292682927,0.7957317073170732,54.23777522647042,-3.2377752264704185,3.2377752264704185
1610612761,TOR,Toronto Raptors,22017,59,82,111.65853658536585,43.98780487804878,24.329268292682926,7.634146341463414,6.097560975609756,13.353658536585366,0.47268292682926827,0.35723170731707315,0.7880609756097561,47.93417954256016,11.065820457439841,-11.065820457439841
1610612761,TOR,Toronto Raptors,22018,58,82,114.4390243902439,45.19512195121951,25.426829268292682,8.292682926829269,5.329268292682927,14.024390243902438,0.4758780487804878,0.3651829268292683,0.8084268292682927,51.814275044804134,6.185724955195866,-6.185724955195866
1610612761,TOR,Toronto Raptors,22019,53,72,112.75,45.388888888888886,25.22222222222222,8.833333333333334,4.972222222222222,14.819444444444445,0.45870833333333333,0.3767916666666667,0.7956666666666666,45.37121203087358,7.628787969126421,-7.628787969126421
1610612761,TOR,Toronto Raptors,22020,27,72,111.26388888888889,41.583333333333336,24.09722222222222,8.583333333333334,5.388888888888889,13.222222222222221,0.44904166666666673,0.3676111111111111,0.8130694444444444,34.50822136260166,-7.50822136260166,7.50822136260166
1610612761,TOR,Toronto Raptors,22021,48,82,109.39024390243902,45.329268292682926,22.0609756097561,9.0,4.585365853658536,12.451219512195122,0.44569512195121946,0.34903658536585364,0.7617195121951219,45.784922098332174,2.2150779016678257,-2.2150779016678257
1610612761,TOR,Toronto Raptors,22022,41,82,112.85365853658537,43.02439024390244,23.914634146341463,9.414634146341463,5.170731707317073,11.658536585365853,0.45956097560975606,0.3361585365853659,0.7870609756097561,45.75422350999075,-4.7542235099907515,4.7542235099907515
1610612762,UTA,Utah Jazz,21997,62,82,100.96341463414635,41.0609756097561,25.24390243902439,7.902439024390244,5.024390243902439,15.353658536585366,0.4906829268292683,0.36459756097560975,0.7741463414634145,54.45223758593647,7.547762414063527,-7.547762414063527
1610612762,UTA,Utah Jazz,21998,37,50,93.32,41.26,24.08,7.96,5.52,16.28,0.46684,0.36006,0.76676,47.19219532064656,-10.192195320646562,10.192195320646562
1610612762,UTA,Utah Jazz,21999,55,82,96.51219512195122,41.0,24.890243902439025,7.670731707317073,5.439024390243903,14.878048780487806,0.4650487804878049,0.3882317073170732,0.772329268292683,50.097807158472435,4.902192841527565,-4.902192841527565
1610612762,UTA,Utah Jazz,22000,53,82,97.0609756097561,40.5609756097561,25.73170731707317,8.060975609756097,5.646341463414634,15.817073170731707,0.4727439024390244,0.37003658536585365,0.7534024390243903,46.77720437617029,6.222795623829711,-6.222795623829711
1610612762,UTA,Utah Jazz,22001,44,82,95.98780487804878,42.170731707317074,24.378048780487806,9.134146341463415,6.378048780487805,16.5,0.4523658536585366,0.34143902439024393,0.7647317073170732,40.46499469904529,3.535005300954708,-3.535005300954708
1610612762,UTA,Utah Jazz,22002,47,82,94.65853658536585,41.48780487804878,25.646341463414632,8.634146341463415,5.695121951219512,16.76829268292683,0.4689878048780488,0.3474634146341464,0.7442073170731707,45.29446841744712,1.7055315825528794,-1.7055315825528794
1610612762,UTA,Utah Jazz,22003,42,82,88.67073170731707,41.15853658536585,20.378048780487806,7.109756097560975,6.024390243902439,16.585365853658537,0.43702439024390244,0.3188780487804878,0.7479146341463415,25.164988636080864,16.835011363919136,-16.835011363919136
1610612762,UTA,Utah Jazz,22004,26,82,92.98780487804878,40.1219512195122,22.26829268292683,6.597560975609756,4.560975609756097,15.75609756097561,0.44982926829268294,0.3339878048780488,0.7598292682926829,26.32587362624244,-0.32587362624244065,0.32587362624244065
1610612762,UTA,Utah Jazz,22005,41,82,92.35365853658537,42.08536585365854,21.609756097560975,6.390243902439025,6.0,15.731707317073171,0.4434878048780488,0.33024390243902435,0.7173658536585366,27.74487470859529,13.25512529140471,-13.25512529140471
1610612762,UTA,Utah Jazz,22006,51,82,101.48780487804878,42.51219512195122,24.682926829268293,7.036585365853658,4.134146341463414,15.573170731707316,0.4744634146341463,0.3329390243902439,0.7444146341463415,38.30095257285379,12.699047427146212,-12.699047427146212
1610612762,UTA,Utah Jazz,22007,54,82,106.21951219512195,40.8780487804878,26.402439024390244,8.74390243902439,4.329268292682927,14.634146341463415,0.4984878048780488,0.36629268292682926,0.7597682926829269,57.08339451020592,-3.0833945102059204,3.0833945102059204
1610612762,UTA,Utah Jazz,22008,48,82,103.5609756097561,41.01219512195122,24.682926829268293,8.768292682926829,4.560975609756097,14.75609756097561,0.4755975609756098,0.3440121951219512,0.770829268292683,45.096874255725794,2.903125744274206,-2.903125744274206
1610612762,UTA,Utah Jazz,22009,53,82,104.23170731707317,42.19512195121951,26.670731707317074,8.231707317073171,4.878048780487805,15.195121951219512,0.4931951219512195,0.3504878048780488,0.7426341463414634,53.48204904031461,-0.4820490403146067,0.4820490403146067
1610612762,UTA,Utah Jazz,22010,39,82,99.42682926829268,39.46341463414634,23.426829268292682,7.670731707317073,5.902439024390244,14.329268292682928,0.46553658536585363,0.33420731707317075,0.7708658536585365,36.243552849846964,2.7564471501530363,-2.7564471501530363
1610612762,UTA,Utah Jazz,22011,36,66,99.65151515151516,44.18181818181818,21.803030303030305,8.257575757575758,5.833333333333333,14.181818181818182,0.4581363636363636,0.31792424242424244,0.7554848484848485,46.62653815340228,-10.62653815340228,10.62653815340228
1610612762,UTA,Utah Jazz,22013,25,82,95.01219512195122,41.23170731707317,20.29268292682927,6.951219512195122,4.463414634146342,14.634146341463415,0.44449999999999995,0.3440731707317073,0.747780487804878,31.604561179598477,-6.604561179598477,6.604561179598477
1610612762,UTA,Utah Jazz,22014,38,82,95.13414634146342,43.96341463414634,19.902439024390244,7.597560975609756,5.963414634146342,15.317073170731707,0.44752439024390245,0.3440853658536585,0.7229146341463415,41.94619128850425,-3.9461912885042523,3.9461912885042523
1610612762,UTA,Utah Jazz,22015,40,82,97.6829268292683,43.23170731707317,18.951219512195124,7.695121951219512,5.182926829268292,14.926829268292684,0.45019512195121947,0.3560731707317073,0.7450487804878049,42.586398798155926,-2.586398798155926,2.586398798155926
1610612762,UTA,Utah Jazz,22016,51,82,100.70731707317073,43.23170731707317,20.134146341463413,6.7073170731707314,5.0,13.634146341463415,0.4668780487804878,0.371609756097561,0.7464268292682927,51.041162548269895,-0.04116254826989518,0.04116254826989518
1610612762,UTA,Utah Jazz,22017,48,82,104.14634146341463,43.25609756097561,22.426829268292682,8.634146341463415,5.121951219512195,14.695121951219512,0.4624756097560976,0.36653658536585365,0.7833170731707317,48.98928118898179,-0.9892811889817921,0.9892811889817921
1610612762,UTA,Utah Jazz,22018,50,82,111.71951219512195,46.353658536585364,26.01219512195122,8.085365853658537,5.890243902439025,15.121951219512194,0.4685,0.3545,0.7383048780487804,45.280579176171656,4.719420823828344,-4.719420823828344
1610612762,UTA,Utah Jazz,22019,44,72,111.29166666666667,44.90277777777778,22.430555555555557,6.083333333333333,4.055555555555555,15.125,0.47150000000000003,0.3758194444444445,0.780875,39.58156141672704,4.418438583272959,-4.418438583272959
1610612762,UTA,Utah Jazz,22020,52,72,116.41666666666667,48.25,23.65277777777778,6.583333333333333,5.152777777777778,14.208333333333334,0.4691527777777778,0.3877777777777778,0.7932916666666666,51.054691831541376,0.9453081684586238,-0.9453081684586238
1610612762,UTA,Utah Jazz,22021,49,82,113.60975609756098,46.34146341463415,22.390243902439025,7.170731707317073,4.902439024390244,14.0,0.4715609756097561,0.35986585365853657,0.7703536585365853,47.54698876554323,1.453011234456767,-1.453011234456767
1610612762,UTA,Utah Jazz,22022,37,82,117.07317073170732,45.8780487804878,25.963414634146343,6.097560975609756,5.2317073170731705,15.353658536585366,0.47414634146341467,0.35198780487804876,0.7821585365853658,32.80309626192144,4.196903738078561,-4.196903738078561
1610612763,MEM,Memphis Grizzlies,22001,23,82,89.90243902439025,41.426829268292686,21.76829268292683,7.878048780487805,5.951219512195122,16.390243902439025,0.4377073170731708,0.2965975609756098,0.706719512195122,23.09827345670584,-0.09827345670584009,0.09827345670584009
1610612763,MEM,Memphis Grizzlies,22002,28,82,97.5,41.573170731707314,23.073170731707318,7.939024390243903,6.097560975609756,15.390243902439025,0.4527195121951219,0.3637560975609756,0.7460365853658536,39.164462568020284,-11.164462568020284,11.164462568020284
1610612763,MEM,Memphis Grizzlies,22003,50,82,96.70731707317073,41.80487804878049,23.353658536585368,9.695121951219512,6.890243902439025,14.939024390243903,0.4461951219512195,0.3431585365853658,0.7254024390243902,42.32149399416842,7.678506005831579,-7.678506005831579
1610612763,MEM,Memphis Grizzlies,22004,45,82,93.42682926829268,38.951219512195124,20.926829268292682,8.524390243902438,5.804878048780488,14.597560975609756,0.4485975609756097,0.3551829268292683,0.7491951219512195,37.779898962743346,7.220101037256654,-7.220101037256654
1610612763,MEM,Memphis Grizzlies,22005,49,82,92.17073170731707,39.18292682926829,19.341463414634145,7.317073170731708,5.390243902439025,13.829268292682928,0.44992682926829264,0.381,0.7067926829268293,41.033364733812164,7.966635266187836,-7.966635266187836
1610612763,MEM,Memphis Grizzlies,22006,22,82,101.59756097560975,39.52439024390244,20.48780487804878,6.878048780487805,4.963414634146342,16.378048780487806,0.46408536585365856,0.3544878048780488,0.7618536585365854,25.56951420960985,-3.5695142096098493,3.5695142096098493
1610612763,MEM,Memphis Grizzlies,22007,22,82,100.6951219512195,41.646341463414636,19.195121951219512,6.134146341463414,4.7073170731707314,15.25609756097561,0.4549146341463414,0.340280487804878,0.7288292682926829,25.656713683013976,-3.656713683013976,3.656713683013976
1610612763,MEM,Memphis Grizzlies,22008,24,82,93.8780487804878,38.829268292682926,17.353658536585368,7.5,4.695121951219512,15.268292682926829,0.4545609756097561,0.35487804878048784,0.7554512195121952,33.97019046542644,-9.970190465426441,9.970190465426441
1610612763,MEM,Memphis Grizzlies,22009,40,82,102.48780487804878,43.48780487804878,18.817073170731707,7.865853658536586,4.865853658536586,15.21951219512195,0.46895121951219515,0.3322317073170732,0.7366219512195121,43.511365722159994,-3.5113657221599937,3.5113657221599937
1610612763,MEM,Memphis Grizzlies,22010,46,82,99.9390243902439,40.98780487804878,20.621951219512194,9.402439024390244,5.378048780487805,13.963414634146341,0.4714512195121951,0.3286829268292683,0.7493658536585366,50.661501495851695,-4.661501495851695,4.661501495851695
1610612763,MEM,Memphis Grizzlies,22011,41,66,94.98484848484848,42.04545454545455,19.545454545454547,9.56060606060606,5.2272727272727275,14.469696969696969,0.4483181818181818,0.32303030303030306,0.7605757575757576,45.41538536413475,-4.41538536413475,4.41538536413475
1610612763,MEM,Memphis Grizzlies,22013,50,82,96.14634146341463,42.390243902439025,21.853658536585368,7.695121951219512,4.573170731707317,13.707317073170731,0.4653048780487805,0.35191463414634144,0.7363414634146341,52.179329192108966,-2.179329192108966,2.179329192108966
1610612763,MEM,Memphis Grizzlies,22014,55,82,98.3170731707317,42.5609756097561,21.670731707317074,8.536585365853659,4.2317073170731705,13.341463414634147,0.4593292682926829,0.3363048780487805,0.7795121951219512,50.77608548504641,4.2239145149535915,-4.2239145149535915
1610612763,MEM,Memphis Grizzlies,22015,42,82,99.09756097560975,41.6219512195122,20.695121951219512,8.829268292682928,4.2682926829268295,13.292682926829269,0.4421585365853658,0.3276829268292683,0.7815731707317073,37.87936267477281,4.120637325227193,-4.120637325227193
1610612763,MEM,Memphis Grizzlies,22016,43,82,100.47560975609755,42.76829268292683,21.26829268292683,7.963414634146342,4.195121951219512,12.914634146341463,0.4366829268292683,0.3509634146341463,0.7794024390243902,38.11263725255536,4.887362747444641,-4.887362747444641
1610612763,MEM,Memphis Grizzlies,22017,22,82,99.32926829268293,40.52439024390244,21.548780487804876,7.475609756097561,4.829268292682927,14.963414634146341,0.4442560975609756,0.35098780487804876,0.7820975609756098,27.75352586929222,-5.753525869292218,5.753525869292218
1610612763,MEM,Memphis Grizzlies,22018,33,82,103.53658536585365,41.78048780487805,23.9390243902439,8.341463414634147,5.463414634146342,13.987804878048781,0.4506951219512195,0.3398292682926829,0.7750365853658536,35.16249515021374,-2.1624951502137435,2.1624951502137435
1610612763,MEM,Memphis Grizzlies,22019,34,73,112.63013698630137,46.534246575342465,26.91780821917808,7.890410958904109,5.4520547945205475,15.246575342465754,0.46987671232876715,0.3452465753424657,0.7619315068493151,43.24196385666755,-9.241963856667553,9.241963856667553
1610612763,MEM,Memphis Grizzlies,22020,38,72,113.29166666666667,46.47222222222222,26.916666666666668,9.097222222222221,5.055555555555555,13.291666666666666,0.46705555555555556,0.35480555555555554,0.7770138888888889,54.58216614561003,-16.58216614561003,16.58216614561003
1610612763,MEM,Memphis Grizzlies,22021,56,82,115.60975609756098,49.170731707317074,25.98780487804878,9.75609756097561,6.5,13.195121951219512,0.4621829268292683,0.35267073170731705,0.7385487804878049,60.025621287886324,-4.025621287886324,4.025621287886324
1610612763,MEM,Memphis Grizzlies,22022,51,82,116.91463414634147,46.6219512195122,26.036585365853657,8.292682926829269,5.7682926829268295,13.609756097560975,0.4752317073170732,0.349780487804878,0.7411829268292683,49.453731702479416,1.5462682975205837,-1.5462682975205837
1610612763,VAN,Vancouver Grizzlies,21997,19,82,96.6219512195122,41.390243902439025,23.902439024390244,7.487804878048781,4.2560975609756095,17.134146341463413,0.45981707317073167,0.35076829268292686,0.7383170731707317,31.440060384072382,-12.440060384072382,12.440060384072382
1610612763,VAN,Vancouver Grizzlies,21998,8,50,88.86,40.18,19.28,8.4,3.98,16.96,0.42912,0.31658000000000003,0.7121599999999999,18.47993200220543,-10.47993200220543,10.47993200220543
1610612763,VAN,Vancouver Grizzlies,21999,22,82,93.92682926829268,40.59756097560975,20.73170731707317,7.414634146341464,4.219512195121951,16.841463414634145,0.44958536585365855,0.34614634146341466,0.7791707317073171,28.958326429122934,-6.958326429122934,6.958326429122934
1610612763,VAN,Vancouver Grizzlies,22000,23,82,91.73170731707317,40.548780487804876,23.158536585365855,7.146341463414634,4.378048780487805,15.74390243902439,0.4405121951219512,0.33995121951219515,0.7672073170731708,27.12348436931819,-4.1234843693181915,4.1234843693181915
1610612764,WAS,Washington Wizards,21997,42,82,97.1829268292683,42.21951219512195,23.170731707317074,8.402439024390244,4.621951219512195,14.097560975609756,0.4550487804878049,0.34402439024390247,0.6943536585365854,42.97780935388106,-0.9778093538810566,0.9778093538810566
1610612764,WAS,Washington Wizards,21998,18,50,91.2,39.96,21.28,7.86,3.86,14.72,0.44586,0.30398,0.7077800000000001,27.365361987070145,-9.365361987070145,9.365361987070145
1610612764,WAS,Washington Wizards,21999,29,82,96.59756097560975,42.707317073170735,21.597560975609756,7.2317073170731705,4.670731707317073,16.097560975609756,0.45235365853658543,0.3705731707317073,0.7457317073170732,38.54418853949363,-9.544188539493632,9.544188539493632
1610612764,WAS,Washington Wizards,22000,19,82,93.23170731707317,41.292682926829265,20.085365853658537,7.682926829268292,4.670731707317073,16.963414634146343,0.44137804878048775,0.31770731707317074,0.7598536585365854,23.17840778398596,-4.178407783985961,4.178407783985961
1610612764,WAS,Washington Wizards,22001,37,82,92.79268292682927,42.048780487804876,20.914634146341463,6.951219512195122,4.317073170731708,13.024390243902438,0.44132926829268293,0.3818048780487805,0.7701341463414634,47.42531110492817,-10.42531110492817,10.42531110492817
1610612764,WAS,Washington Wizards,22002,37,82,91.48780487804878,40.390243902439025,19.658536585365855,7.573170731707317,4.7560975609756095,13.353658536585366,0.4415121951219512,0.30059756097560975,0.7783292682926829,33.17375596160224,3.8262440383977605,-3.8262440383977605
1610612764,WAS,Washington Wizards,22003,25,82,91.8048780487805,42.76829268292683,18.74390243902439,8.939024390243903,4.951219512195122,17.5,0.4208048780487805,0.3310975609756097,0.7208048780487805,22.36222992406647,2.637770075933531,-2.637770075933531
1610612764,WAS,Washington Wizards,22004,45,82,100.5,42.76829268292683,19.0609756097561,8.731707317073171,4.2317073170731705,14.292682926829269,0.43725609756097555,0.3445487804878049,0.7239390243902439,33.89505786488701,11.104942135112992,-11.104942135112992
1610612764,WAS,Washington Wizards,22005,42,82,101.65853658536585,41.207317073170735,18.573170731707318,8.024390243902438,4.134146341463414,13.939024390243903,0.4483780487804878,0.3596341463414634,0.752219512195122,35.893856123844756,6.106143876155244,-6.106143876155244
1610612764,WAS,Washington Wizards,22006,41,82,104.34146341463415,41.18292682926829,20.24390243902439,7.7439024390243905,4.573170731707317,13.817073170731707,0.4503170731707317,0.34568292682926827,0.7609634146341464,31.09415672167914,9.905843278320859,-9.905843278320859
1610612764,WAS,Washington Wizards,22007,43,82,98.82926829268293,41.59756097560975,19.597560975609756,7.7073170731707314,4.7682926829268295,13.195121951219512,0.4468170731707317,0.35082926829268296,0.7828170731707318,40.87111636238599,2.1288836376140097,-2.1288836376140097
1610612764,WAS,Washington Wizards,22008,19,82,96.0609756097561,40.073170731707314,20.01219512195122,7.548780487804878,4.451219512195122,13.975609756097562,0.45032926829268294,0.3230121951219512,0.7641707317073171,32.19710165916635,-13.19710165916635,13.19710165916635
1610612764,WAS,Washington Wizards,22009,26,82,96.2439024390244,41.75609756097561,18.98780487804878,6.012195121951219,5.134146341463414,14.865853658536585,0.45019512195121947,0.3487804878048781,0.7581951219512195,32.31711405715788,-6.31711405715788,6.31711405715788
1610612764,WAS,Washington Wizards,22010,23,82,97.28048780487805,41.30487804878049,19.414634146341463,8.109756097560975,6.121951219512195,15.341463414634147,0.4429024390243902,0.3264146341463415,0.7414146341463415,28.880057502145576,-5.880057502145576,5.880057502145576
1610612764,WAS,Washington Wizards,22011,20,66,93.63636363636364,41.666666666666664,19.12121212121212,7.984848484848484,6.318181818181818,15.272727272727273,0.44181818181818183,0.3109393939393939,0.7349090909090908,30.763473088337207,-10.763473088337207,10.763473088337207
1610612764,WAS,Washington Wizards,22013,44,82,100.65853658536585,42.18292682926829,23.28048780487805,8.146341463414634,4.597560975609756,14.682926829268293,0.460780487804878,0.3765,0.7308414634146342,45.58054096765535,-1.5805409676553523,1.5805409676553523
1610612764,WAS,Washington Wizards,22014,46,82,98.53658536585365,44.670731707317074,24.01219512195122,7.329268292682927,4.609756097560975,15.036585365853659,0.4645487804878049,0.36173170731707316,0.7385975609756097,50.938820656927945,-4.938820656927945,4.938820656927945
1610612764,WAS,Washington Wizards,22015,41,82,104.07317073170732,41.84146341463415,24.451219512195124,8.634146341463415,3.9390243902439024,14.463414634146341,0.4611829268292683,0.35821951219512194,0.7334999999999999,40.01341978719515,0.9865802128048529,-0.9865802128048529
1610612764,WAS,Washington Wizards,22016,49,82,109.1829268292683,42.853658536585364,23.853658536585368,8.451219512195122,4.097560975609756,14.170731707317072,0.47610975609756095,0.37403658536585366,0.7872439024390244,50.891421486413634,-1.891421486413634,1.891421486413634
1610612764,WAS,Washington Wizards,22017,43,82,106.60975609756098,43.1219512195122,25.182926829268293,7.865853658536586,4.304878048780488,14.585365853658537,0.4676707317073171,0.37296341463414634,0.7746951219512195,45.218280954731014,-2.2182809547310143,2.2182809547310143
1610612764,WAS,Washington Wizards,22018,32,82,114.02439024390245,42.353658536585364,26.26829268292683,8.329268292682928,4.621951219512195,14.073170731707316,0.4682195121951219,0.33919512195121954,0.765219512195122,32.53211811423482,-0.5321181142348195,0.5321181142348195
1610612764,WAS,Washington Wizards,22019,25,72,114.41666666666667,42.041666666666664,25.01388888888889,7.972222222222222,4.291666666666667,14.166666666666666,0.45809722222222216,0.3684444444444444,0.7819166666666667,29.241894077730393,-4.241894077730393,4.241894077730393
1610612764,WAS,Washington Wizards,22020,34,72,116.63888888888889,45.19444444444444,25.48611111111111,7.333333333333333,4.125,14.38888888888889,0.4745138888888889,0.3531388888888889,0.7707361111111112,38.95517558972749,-4.955175589727489,4.955175589727489
1610612764,WAS,Washington Wizards,22021,35,82,108.6219512195122,43.109756097560975,25.024390243902438,6.365853658536586,4.951219512195122,13.134146341463415,0.4721951219512195,0.3429390243902439,0.7800487804878049,40.37448452326359,-5.37448452326359,5.37448452326359
1610612764,WAS,Washington Wizards,22022,35,82,113.15853658536585,43.63414634146341,25.402439024390244,6.841463414634147,5.170731707317073,14.121951219512194,0.486890243902439,0.35423170731707315,0.7874268292682927,45.484009760115924,-10.484009760115924,10.484009760115924
1610612765,DET,Detroit Pistons,21997,37,82,94.15853658536585,41.24390243902439,19.475609756097562,8.268292682926829,4.195121951219512,14.609756097560975,0.4501707317073171,0.3071951219512195,0.7427317073170732,35.108441689572544,1.891558310427456,-1.891558310427456
1610612765,DET,Detroit Pistons,21998,29,50,90.36,40.34,20.18,8.88,4.16,15.8,0.4483,0.35666,0.74274,41.54886707088636,-12.54886707088636,12.54886707088636
1610612765,DET,Detroit Pistons,21999,42,82,103.45121951219512,41.15853658536585,20.817073170731707,8.109756097560975,3.3292682926829267,15.707317073170731,0.4600853658536585,0.36003658536585365,0.7829146341463414,34.272019987420265,7.727980012579735,-7.727980012579735
1610612765,DET,Detroit Pistons,22000,32,82,95.57317073170732,45.53658536585366,19.865853658536587,7.475609756097561,5.451219512195122,15.902439024390244,0.4263048780487805,0.355,0.7175365853658536,33.20941492803088,-1.2094149280308812,1.2094149280308812
1610612765,DET,Detroit Pistons,22001,50,82,94.32926829268293,38.73170731707317,21.524390243902438,7.902439024390244,6.890243902439025,14.548780487804878,0.45242682926829264,0.3743658536585366,0.7539268292682927,39.70171093224573,10.298289067754268,-10.298289067754268
1610612765,DET,Detroit Pistons,22002,50,82,91.36585365853658,40.58536585365854,19.75609756097561,6.780487804878049,5.7073170731707314,13.463414634146341,0.43109756097560975,0.3585609756097561,0.7673170731707317,34.0583807843891,15.9416192156109,-15.9416192156109
1610612765,DET,Detroit Pistons,22003,54,82,90.09756097560975,42.75609756097561,20.75609756097561,8.036585365853659,6.951219512195122,15.109756097560975,0.4360487804878049,0.34051219512195124,0.7540731707317073,41.343072328057005,12.656927671942995,-12.656927671942995
1610612765,DET,Detroit Pistons,22004,54,82,93.32926829268293,43.426829268292686,21.79268292682927,7.024390243902439,6.060975609756097,13.817073170731707,0.44515853658536586,0.34617073170731705,0.7389512195121951,44.63888026269359,9.36111973730641,-9.36111973730641
1610612765,DET,Detroit Pistons,22005,64,82,96.84146341463415,40.51219512195122,24.036585365853657,7.073170731707317,5.975609756097561,11.353658536585366,0.45615853658536587,0.38834146341463416,0.726390243902439,52.294209437178694,11.705790562821306,-11.705790562821306
1610612765,DET,Detroit Pistons,22006,53,82,96.0,40.51219512195122,21.5609756097561,7.109756097560975,5.7560975609756095,12.207317073170731,0.45540243902439026,0.3435853658536585,0.7695000000000001,45.02496926280824,7.975030737191759,-7.975030737191759
1610612765,DET,Detroit Pistons,22007,59,82,97.46341463414635,41.426829268292686,22.329268292682926,7.109756097560975,5.7560975609756095,11.658536585365853,0.4582317073170732,0.3664024390243903,0.7691829268292683,53.169576127500505,5.830423872499495,-5.830423872499495
1610612765,DET,Detroit Pistons,22008,39,82,94.23170731707317,41.426829268292686,20.597560975609756,6.012195121951219,4.597560975609756,11.865853658536585,0.45534146341463416,0.3418414634146341,0.7415609756097561,44.59445166875658,-5.594451668756577,5.594451668756577
1610612765,DET,Detroit Pistons,22009,27,82,94.01219512195122,40.18292682926829,19.402439024390244,7.2682926829268295,3.817073170731707,13.414634146341463,0.4466829268292683,0.3057073170731707,0.7284878048780488,29.200509320176963,-2.2005093201769625,2.2005093201769625
1610612765,DET,Detroit Pistons,22010,30,82,96.96341463414635,38.6219512195122,21.097560975609756,7.2560975609756095,4.0,13.012195121951219,0.4603658536585366,0.3700731707317073,0.7409268292682927,40.44674474999661,-10.446744749996611,10.446744749996611
1610612765,DET,Detroit Pistons,22011,25,66,90.86363636363636,40.25757575757576,18.666666666666668,6.96969696969697,4.212121212121212,15.651515151515152,0.4395,0.3346969696969697,0.7592878787878787,26.207139259623375,-1.207139259623375,1.207139259623375
1610612765,DET,Detroit Pistons,22013,29,82,101.04878048780488,45.3780487804878,20.902439024390244,8.378048780487806,4.817073170731708,14.548780487804878,0.44726829268292684,0.31246341463414634,0.6686341463414635,36.99269748570198,-7.9926974857019815,7.9926974857019815
1610612765,DET,Detroit Pistons,22014,32,82,98.5,44.890243902439025,21.597560975609756,7.597560975609756,4.670731707317073,13.402439024390244,0.4330121951219512,0.3396219512195122,0.7031951219512195,36.96152081324094,-4.961520813240938,4.961520813240938
1610612765,DET,Detroit Pistons,22015,44,82,101.96341463414635,46.31707317073171,19.4390243902439,6.987804878048781,3.707317073170732,13.536585365853659,0.4403658536585366,0.34379268292682924,0.675170731707317,37.9356028951437,6.0643971048562975,-6.0643971048562975
1610612765,DET,Detroit Pistons,22016,37,82,101.32926829268293,45.68292682926829,21.121951219512194,7.0,3.7804878048780486,11.865853658536585,0.44884146341463416,0.32687804878048776,0.7221951219512195,46.23385659533106,-9.233856595331062,9.233856595331062
1610612765,DET,Detroit Pistons,22017,39,82,103.76829268292683,43.73170731707317,22.78048780487805,7.658536585365853,3.8658536585365852,13.439024390243903,0.4501585365853658,0.37228048780487805,0.7413780487804877,42.844222191552205,-3.8442221915522055,3.8442221915522055
1610612765,DET,Detroit Pistons,22018,41,82,107.04878048780488,44.97560975609756,22.5,6.939024390243903,4.036585365853658,13.841463414634147,0.44109756097560976,0.345780487804878,0.7526707317073171,29.991617215253996,11.008382784746004,-11.008382784746004
1610612765,DET,Detroit Pistons,22019,20,66,107.24242424242425,41.71212121212121,24.075757575757574,7.424242424242424,4.53030303030303,15.272727272727273,0.45936363636363636,0.3682878787878788,0.7444696969696969,29.735865432840058,-9.735865432840058,9.735865432840058
1610612765,DET,Detroit Pistons,22020,20,72,106.61111111111111,42.708333333333336,24.208333333333332,7.375,5.152777777777778,14.930555555555555,0.45240277777777776,0.3515,0.7576111111111111,28.995703514102587,-8.995703514102587,8.995703514102587
1610612765,DET,Detroit Pistons,22021,23,82,104.82926829268293,42.98780487804878,23.463414634146343,7.682926829268292,4.7926829268292686,14.182926829268293,0.4313902439024391,0.3271829268292683,0.7814390243902439,21.291686768087544,1.7083132319124559,-1.7083132319124559
1610612765,DET,Detroit Pistons,22022,17,82,110.3048780487805,42.4390243902439,22.975609756097562,7.0,3.7560975609756095,15.085365853658537,0.4547682926829269,0.3478780487804878,0.7717560975609756,22.504616446466713,-5.504616446466713,5.504616446466713
1610612766,CHA,Charlotte Bobcats,22004,18,82,94.2560975609756,41.68292682926829,21.878048780487806,8.475609756097562,5.365853658536586,14.536585365853659,0.43331707317073165,0.36658536585365853,0.7039878048780488,36.306337538783566,-18.306337538783566,18.306337538783566
1610612766,CHA,Charlotte Bobcats,22005,26,82,96.86585365853658,39.75609756097561,20.9390243902439,10.024390243902438,4.317073170731708,14.231707317073171,0.43240243902439024,0.3329878048780488,0.726670731707317,29.32003624088142,-3.3200362408814215,3.3200362408814215
1610612766,CHA,Charlotte Bobcats,22006,33,82,96.89024390243902,39.829268292682926,22.390243902439025,7.780487804878049,4.5,14.926829268292684,0.44700000000000006,0.3600243902439025,0.7329878048780487,30.226563357133614,2.773436642866386,-2.773436642866386
1610612766,CHA,Charlotte Bobcats,22007,32,82,97.0609756097561,40.63414634146341,21.317073170731707,7.487804878048781,4.902439024390244,14.682926829268293,0.45296341463414636,0.36252439024390243,0.7152317073170732,35.74776012919722,-3.747760129197218,3.747760129197218
1610612766,CHA,Charlotte Bobcats,22008,35,82,93.6219512195122,39.65853658536585,21.23170731707317,7.073170731707317,4.841463414634147,15.597560975609756,0.45589024390243904,0.3628780487804878,0.7331219512195122,34.04253438943374,0.9574656105662598,-0.9574656105662598
1610612766,CHA,Charlotte Bobcats,22009,44,82,95.28048780487805,40.829268292682926,20.21951219512195,7.7073170731707314,5.439024390243903,15.731707317073171,0.4540487804878049,0.34345121951219515,0.7492560975609757,35.12733139785945,8.87266860214055,-8.87266860214055
1610612766,CHA,Charlotte Bobcats,22010,34,82,93.29268292682927,40.146341463414636,21.073170731707318,6.390243902439025,5.280487804878049,14.536585365853659,0.45212195121951215,0.31958536585365854,0.7552926829268293,29.19970401630306,4.800295983696941,-4.800295983696941
1610612766,CHA,Charlotte Bobcats,22011,7,66,86.95454545454545,38.95454545454545,20.09090909090909,6.015151515151516,5.46969696969697,14.5,0.4151666666666667,0.28774242424242424,0.7427575757575757,5.742552116778967,1.2574478832210332,-1.2574478832210332
1610612766,CHA,Charlotte Bobcats,22013,43,82,96.85365853658537,42.68292682926829,21.682926829268293,6.085365853658536,5.134146341463414,12.317073170731707,0.44341463414634147,0.3495853658536585,0.7388536585365854,38.82561369346334,4.174386306536661,-4.174386306536661
1610612766,CHA,Charlotte Hornets,22014,33,82,94.15853658536585,44.0609756097561,20.170731707317074,6.085365853658536,5.463414634146342,11.902439024390244,0.4206341463414634,0.31297560975609756,0.7475731707317074,30.2464423832389,2.7535576167611,-2.7535576167611
1610612766,CHA,Charlotte Hornets,22015,48,82,103.40243902439025,43.9390243902439,21.682926829268293,7.2560975609756095,5.341463414634147,12.548780487804878,0.4389634146341463,0.36154878048780487,0.7951951219512196,41.14795802623432,6.8520419737656795,-6.8520419737656795
1610612766,CHA,Charlotte Hornets,22016,36,82,104.89024390243902,43.58536585365854,23.0609756097561,6.963414634146342,4.7560975609756095,11.487804878048781,0.443109756097561,0.34804878048780485,0.8164756097560975,41.172648738048,-5.172648738047997,5.172648738047997
1610612766,CHA,Charlotte Hornets,22017,36,82,108.21951219512195,45.46341463414634,21.585365853658537,6.817073170731708,4.548780487804878,12.695121951219512,0.4505975609756097,0.3628780487804878,0.7473658536585366,42.17571511598619,-6.175715115986193,6.175715115986193
1610612766,CHA,Charlotte Hornets,22018,39,82,110.7439024390244,43.80487804878049,23.23170731707317,7.2073170731707314,4.939024390243903,12.207317073170731,0.4486951219512195,0.3512073170731707,0.7924878048780487,36.26568759020667,2.7343124097933327,-2.7343124097933327
1610612766,CHA,Charlotte Hornets,22019,23,65,102.87692307692308,42.784615384615385,23.83076923076923,6.584615384615384,4.123076923076923,14.6,0.43515384615384617,0.34927692307692304,0.7486461538461539,20.589790589173816,2.410209410826184,-2.410209410826184
1610612766,CHA,Charlotte Hornets,22020,33,72,109.45833333333333,43.763888888888886,26.84722222222222,7.847222222222222,4.777777777777778,14.847222222222221,0.45538888888888884,0.3679722222222222,0.7547777777777778,34.435973177214095,-1.4359731772140947,1.4359731772140947
1610612766,CHA,Charlotte Hornets,22021,43,82,115.32926829268293,44.573170731707314,28.073170731707318,8.621951219512194,4.902439024390244,13.25609756097561,0.46993902439024393,0.3652073170731707,0.7422439024390244,45.95108674774849,-2.951086747748491,2.951086747748491
1610612766,CHA,Charlotte Hornets,22022,27,82,110.95121951219512,44.53658536585366,25.146341463414632,7.7317073170731705,5.182926829268292,14.195121951219512,0.45834146341463416,0.3294756097560976,0.7484024390243902,32.94146806584362,-5.9414680658436225,5.9414680658436225
1610612766,CHH,Charlotte Hornets,21997,51,82,96.6219512195122,40.5609756097561,23.670731707317074,8.426829268292684,3.8048780487804876,15.207317073170731,0.4690487804878049,0.3701829268292683,0.7553658536585366,48.2865923007931,2.713407699206897,-2.713407699206897
1610612766,CHH,Charlotte Hornets,21998,26,50,92.88,39.46,22.2,8.86,4.94,15.92,0.4512,0.35652,0.7451399999999999,37.10792555463712,-11.10792555463712,11.10792555463712
1610612766,CHH,Charlotte Hornets,21999,49,82,98.4390243902439,42.91463414634146,24.670731707317074,8.926829268292684,5.853658536585366,14.707317073170731,0.4499146341463415,0.3367682926829268,0.761280487804878,42.88487794601875,6.115122053981253,-6.115122053981253
1610612766,CHH,Charlotte Hornets,22000,46,82,91.9390243902439,44.40243902439025,23.170731707317074,8.109756097560975,5.548780487804878,14.426829268292684,0.4329146341463415,0.34024390243902436,0.7432560975609757,43.22807966608559,2.7719203339144087,-2.7719203339144087
1610612766,CHH,Charlotte Hornets,22001,44,82,93.90243902439025,43.46341463414634,21.451219512195124,7.963414634146342,5.560975609756097,14.024390243902438,0.4412682926829268,0.3578536585365854,0.7462073170731708,46.95949880718473,-2.9594988071847297,2.9594988071847297
